satisfaction_level,last_evaluation,number_of_projects,average_monthly_hours,years_at_company,work_accident,left,promotion_last_5years,department
0.38,0.53,2,157,3,0,1,0,sales
0.8,0.86,5,262,6,0,1,0,sales
0.72,0.87,5,223,5,0,1,0,sales
0.89,1,5,224,5,0,1,0,sales
0.42,0.53,2,142,3,0,1,0,sales
0.11,0.81,6,305,4,0,1,0,sales
0.84,0.92,4,234,5,0,1,0,sales
0.36,0.56,2,137,3,0,1,0,sales
0.78,0.99,4,255,6,0,1,0,sales
0.76,0.89,5,262,5,0,1,0,sales
0.09,0.95,6,304,4,0,1,0,sales
0.46,0.57,2,139,3,0,1,0,sales
0.1,0.94,6,255,4,0,1,0,technical
0.11,0.89,6,306,4,0,1,0,technical
0.11,0.94,7,255,4,0,1,0,support
0.11,0.94,6,286,4,0,1,0,IT
0.81,0.7,6,161,4,0,1,0,IT
0.74,0.99,2,277,3,0,1,0,IT
0.45,0.49,2,149,3,0,1,0,product_mng
0.11,0.97,6,277,4,0,1,0,product_mng
0.38,0.49,2,151,3,0,1,0,technical
0.11,0.77,6,291,4,0,1,0,marketing
0.09,0.83,6,255,4,0,1,0,sales
0.9,0.96,4,258,5,0,1,0,technical
0.37,0.48,2,137,3,0,1,0,technical
0.11,0.84,6,251,4,0,1,0,technical
0.4,0.46,2,135,3,0,1,0,technical
0.46,0.49,2,138,3,0,1,0,support
0.11,0.92,6,260,4,0,1,0,support
0.37,0.45,2,151,3,0,1,0,support
0.38,0.57,2,140,3,0,1,0,support
0.1,0.84,6,283,4,1,1,0,technical
0.09,0.96,6,245,4,0,1,0,IT
0.37,0.52,2,143,3,0,1,0,marketing
0.4,0.52,2,155,3,0,1,0,marketing
0.11,0.92,6,305,4,0,1,0,technical
0.43,0.55,2,129,3,0,1,0,sales
0.31,0.54,5,132,5,0,1,0,sales
0.11,0.78,7,278,4,0,1,0,sales
0.09,0.8,7,283,5,0,1,0,technical
0.1,0.89,7,285,4,0,1,0,technical
0.76,1,5,219,5,0,1,0,support
0.38,0.5,2,153,3,0,1,0,support
0.77,0.99,5,228,5,0,1,0,support
0.4,0.53,2,151,3,0,1,0,IT
0.37,0.5,2,135,3,0,1,0,product_mng
0.4,0.56,2,149,3,0,1,0,accounting
0.9,0.97,4,258,5,0,1,0,accounting
0.38,0.53,2,156,3,0,1,0,sales
0.89,0.86,5,275,5,0,1,0,sales
0.79,0.87,5,261,5,0,1,0,sales
0.11,0.84,6,287,4,0,1,0,accounting
0.82,0.97,5,263,5,0,1,0,hr
0.44,0.56,2,131,3,0,1,0,hr
0.11,0.78,6,260,4,0,1,0,hr
0.81,0.95,5,238,6,0,1,0,technical
0.1,0.97,6,267,4,1,1,0,support
0.38,0.47,2,144,3,0,1,0,support
0.11,0.79,6,292,4,0,1,1,technical
0.82,0.91,5,232,5,0,1,0,technical
0.41,0.49,2,146,3,0,1,0,IT
0.39,0.55,2,156,3,0,1,0,product_mng
0.37,0.46,2,149,3,0,1,0,marketing
0.11,0.81,5,287,4,0,1,0,sales
0.4,0.54,2,139,3,0,1,0,marketing
0.1,0.81,6,268,4,0,1,0,marketing
0.37,0.46,2,153,3,0,1,0,sales
0.61,0.47,2,253,3,0,1,0,sales
0.11,0.91,7,287,4,0,1,0,sales
0.45,0.52,2,145,3,0,1,0,sales
0.09,0.89,7,308,5,0,1,0,hr
0.37,0.47,2,141,3,0,1,0,technical
0.11,0.8,6,282,4,0,1,0,technical
0.4,0.46,2,149,3,0,1,0,technical
0.31,0.62,6,135,5,0,1,0,support
0.41,0.54,2,145,3,0,1,0,support
0.4,0.56,2,131,3,0,1,0,IT
0.1,0.82,6,266,4,0,1,0,IT
0.36,0.48,2,156,3,0,1,0,accounting
0.75,0.9,5,256,5,0,1,0,support
0.78,1,4,253,5,0,1,0,marketing
0.45,0.55,2,148,3,0,1,0,sales
0.84,1,4,261,5,0,1,0,sales
0.45,0.54,2,142,3,0,1,0,hr
0.42,0.48,2,155,3,0,1,0,hr
0.41,0.52,2,127,3,1,1,0,support
0.41,0.57,2,160,3,0,1,0,support
0.87,0.84,4,264,6,0,1,0,support
0.81,0.98,5,245,5,0,1,0,IT
0.81,0.9,4,226,5,0,1,0,product_mng
0.41,0.52,2,159,3,0,1,0,sales
0.42,0.54,2,143,3,1,1,0,sales
0.1,0.82,6,244,4,0,1,0,technical
0.59,0.49,7,263,4,0,1,0,technical
0.11,0.87,7,282,5,0,1,0,technical
0.83,0.98,4,259,5,0,1,0,support
0.88,1,5,219,6,1,1,0,technical
0.41,0.45,2,144,3,1,1,0,product_mng
0.09,0.9,7,289,4,0,1,0,product_mng
0.75,0.85,5,240,6,1,1,0,marketing
0.09,0.86,6,279,4,0,1,0,sales
0.4,0.57,2,160,3,0,1,0,accounting
0.11,0.79,7,310,4,0,1,0,hr
0.73,1,4,252,5,0,1,0,technical
0.39,0.49,2,129,3,0,1,0,technical
0.9,0.96,5,243,5,0,1,0,technical
0.39,0.55,2,159,3,0,1,0,technical
0.81,0.88,5,242,5,0,1,0,support
0.8,0.83,2,211,3,0,1,0,support
0.77,0.98,5,259,6,0,1,0,product_mng
0.1,0.84,7,250,4,0,1,0,product_mng
0.86,0.92,5,252,5,0,1,0,RandD
0.38,0.56,2,161,3,0,1,0,RandD
0.11,0.88,5,250,4,0,1,0,RandD
0.1,0.85,7,279,4,0,1,0,RandD
0.39,0.53,2,127,3,0,1,0,sales
0.09,0.9,7,296,4,0,1,0,technical
0.83,0.95,4,251,5,0,1,0,marketing
0.43,0.51,2,141,3,0,1,0,sales
0.72,0.85,5,244,6,0,1,0,sales
0.46,0.54,2,144,3,0,1,0,sales
0.11,0.89,6,260,5,0,1,0,sales
0.44,0.53,2,140,3,0,1,0,sales
0.84,0.83,4,227,5,0,1,0,accounting
0.78,0.89,5,274,6,0,1,0,support
0.1,0.79,6,256,5,0,1,0,support
0.11,0.95,6,245,4,0,1,0,management
0.43,0.47,2,158,3,0,1,0,product_mng
0.11,0.87,7,278,4,0,1,0,sales
0.86,0.98,3,158,5,0,1,0,sales
0.42,1,3,202,3,0,1,0,sales
0.79,0.84,4,240,5,0,1,0,sales
0.84,0.86,5,268,5,0,1,0,marketing
0.38,0.45,2,156,3,0,1,0,sales
0.89,0.82,4,243,5,0,1,0,sales
0.11,0.87,6,255,4,0,1,0,sales
0.64,0.9,6,252,2,0,1,0,sales
0.73,0.92,5,232,5,0,1,0,sales
0.91,1,5,244,6,0,1,0,hr
0.43,0.57,2,160,3,0,1,0,technical
0.43,0.47,2,128,3,0,1,0,technical
0.1,0.89,7,291,4,0,1,0,support
0.36,0.5,2,132,3,0,1,0,management
0.37,0.57,2,129,3,0,1,0,product_mng
0.83,0.99,4,223,5,0,1,0,accounting
0.44,0.54,2,127,3,0,1,0,management
0.9,0.83,5,259,5,0,1,0,accounting
0.91,0.89,4,247,5,0,1,0,hr
0.11,0.93,6,253,4,1,1,0,technical
0.43,0.5,2,161,3,0,1,0,technical
0.15,0.55,6,139,4,0,1,0,support
0.1,0.92,7,253,4,1,1,0,support
0.39,0.47,2,152,3,0,1,0,marketing
0.37,0.57,2,128,3,0,1,0,sales
0.79,0.9,5,263,5,0,1,0,sales
0.11,0.83,6,295,4,0,1,0,support
0.73,0.92,5,266,5,0,1,0,support
0.78,0.94,5,271,6,0,1,0,IT
0.09,0.86,6,291,4,0,1,0,product_mng
0.89,0.87,5,275,6,0,1,0,marketing
0.82,0.86,4,264,5,0,1,0,management
0.44,0.49,2,130,3,0,1,0,sales
0.1,0.95,7,301,4,0,1,0,sales
0.61,0.86,4,196,4,0,1,0,hr
0.09,0.94,6,308,4,0,1,0,technical
0.46,0.53,2,143,3,1,1,0,technical
0.39,0.51,2,132,3,0,1,0,support
0.72,1,5,264,5,0,1,0,technical
0.37,0.47,2,150,3,0,1,0,technical
0.36,0.54,2,136,3,0,1,0,IT
0.4,0.46,2,144,3,0,1,0,RandD
0.76,0.91,4,219,5,0,1,0,sales
0.84,0.88,4,269,5,0,1,0,support
0.38,0.54,2,157,3,0,1,0,marketing
0.37,0.5,2,131,3,0,1,0,sales
0.42,0.5,2,141,3,0,1,0,sales
0.11,0.78,7,248,4,0,1,0,sales
0.92,0.87,4,229,6,0,1,0,sales
0.86,0.95,4,241,5,0,1,0,accounting
0.84,0.88,5,237,5,0,1,0,technical
0.42,0.56,2,158,3,0,1,0,technical
0.1,0.95,6,256,4,0,1,0,technical
0.63,0.94,3,179,2,0,1,0,support
0.4,0.57,2,128,3,0,1,0,support
0.74,0.89,5,232,6,0,1,0,technical
0.79,1,4,229,5,1,1,0,management
0.37,0.48,2,129,3,0,1,0,IT
0.4,0.51,2,136,3,0,1,0,product_mng
0.31,0.95,6,235,5,0,1,0,product_mng
0.43,0.47,2,129,3,0,1,0,marketing
0.1,0.89,6,244,4,1,1,0,support
0.78,0.87,5,243,5,0,1,0,technical
0.53,0.95,6,205,4,0,1,0,marketing
0.36,0.53,2,133,3,0,1,0,sales
0.44,0.46,2,157,3,0,1,0,sales
0.89,0.91,5,260,5,0,1,0,sales
0.38,0.52,2,156,3,0,1,0,technical
0.11,0.89,6,254,4,0,1,0,technical
0.72,0.88,5,249,5,0,1,0,support
0.44,0.5,2,138,3,0,1,0,support
0.39,0.57,2,158,3,0,1,0,technical
0.11,0.87,6,291,4,0,1,0,product_mng
0.88,1,5,226,6,0,1,0,marketing
0.1,0.91,6,286,4,0,1,0,marketing
0.37,0.49,2,153,3,0,1,0,accounting
0.39,0.57,2,156,3,0,1,0,management
0.77,0.92,5,255,5,0,1,0,marketing
0.1,0.88,7,300,4,0,1,0,sales
0.42,0.52,2,141,3,1,1,0,sales
0.36,0.73,4,276,2,0,1,0,sales
0.78,0.99,5,241,5,0,1,0,sales
0.45,0.49,2,144,3,0,1,0,accounting
0.09,0.8,6,294,4,0,1,0,hr
0.38,0.5,2,151,3,1,1,0,hr
0.09,0.77,6,256,5,0,1,0,support
0.8,0.85,4,264,5,0,1,0,support
0.75,0.74,6,134,3,0,1,0,support
0.44,0.55,2,136,3,0,1,0,technical
0.09,0.84,7,307,4,0,1,0,IT
0.81,0.98,5,237,5,0,1,0,IT
0.09,0.87,7,278,4,0,1,0,IT
0.76,0.95,4,259,5,0,1,0,RandD
0.1,0.85,7,310,5,0,1,0,marketing
0.37,0.52,2,143,3,0,1,0,sales
0.66,1,5,269,5,0,1,0,sales
0.1,0.93,6,288,4,0,1,0,sales
0.41,0.54,2,138,3,0,1,0,accounting
0.1,0.82,7,284,4,0,1,0,accounting
0.42,0.5,2,155,3,0,1,0,hr
0.38,0.49,2,144,3,0,1,0,hr
0.87,0.95,5,227,5,0,1,0,support
0.45,0.53,2,131,3,0,1,0,support
0.44,0.54,2,139,3,0,1,0,support
0.78,1,4,267,5,0,1,0,technical
0.85,0.84,5,272,6,0,1,0,technical
0.36,0.48,2,148,3,1,1,0,management
0.43,0.56,6,149,4,0,1,0,product_mng
0.39,0.51,2,139,3,0,1,0,IT
0.1,0.9,6,272,5,0,1,0,RandD
0.44,0.55,2,137,3,0,1,0,RandD
0.38,0.5,2,139,3,0,1,0,RandD
0.09,0.78,7,290,4,0,1,0,management
0.45,0.57,2,149,3,0,1,0,marketing
0.44,0.5,2,135,3,0,1,0,sales
0.09,0.94,6,266,4,0,1,0,sales
0.56,0.75,5,236,2,0,1,0,sales
0.4,0.52,2,136,3,0,1,0,sales
0.11,0.81,6,260,4,0,1,0,sales
0.4,0.52,2,143,3,0,1,0,sales
0.78,0.86,4,249,5,0,1,0,sales
0.76,0.82,4,254,5,1,1,0,sales
0.11,0.89,7,257,4,0,1,0,technical
0.44,0.53,2,147,3,0,1,0,technical
0.51,0.79,4,134,3,0,1,0,technical
0.39,0.57,2,150,3,0,1,0,support
0.11,0.77,6,274,4,0,1,0,support
0.4,0.5,2,129,3,0,1,0,IT
0.1,0.83,6,293,4,0,1,0,product_mng
0.11,0.86,6,273,4,1,1,0,support
0.8,0.87,5,240,6,0,1,0,technical
0.87,0.92,4,253,6,0,1,0,marketing
0.4,0.5,2,135,3,0,1,0,sales
0.11,0.79,6,244,4,1,1,0,sales
0.82,0.93,4,246,5,0,1,0,sales
0.41,0.52,2,142,3,0,1,0,sales
0.45,0.51,2,156,3,0,1,0,sales
0.39,0.55,2,156,3,0,1,0,sales
0.84,0.86,5,240,5,0,1,0,accounting
0.81,1,4,241,5,0,1,0,hr
0.1,0.95,7,296,4,0,1,0,technical
0.57,0.61,4,158,5,0,1,0,support
0.43,0.57,2,142,3,0,1,0,IT
0.1,0.89,7,285,4,0,1,0,IT
0.72,0.86,5,251,5,0,1,0,sales
0.45,0.55,2,155,3,0,1,0,technical
0.1,0.81,6,248,4,0,1,0,marketing
0.1,0.92,6,279,4,0,1,0,sales
0.45,0.47,2,146,3,0,1,0,sales
0.1,0.83,6,264,4,1,1,0,sales
0.38,0.46,2,155,3,0,1,0,sales
0.09,0.93,6,271,4,0,1,0,accounting
0.11,0.87,6,254,4,0,1,0,hr
0.38,0.55,2,130,3,0,1,0,technical
0.1,0.85,7,259,4,0,1,0,technical
0.42,0.48,2,148,3,1,1,0,RandD
0.74,0.86,5,262,5,0,1,0,RandD
0.1,0.94,6,297,5,0,1,0,marketing
0.09,0.84,7,260,4,0,1,0,sales
0.09,0.83,6,250,4,0,1,0,sales
0.9,0.99,4,259,6,0,1,0,sales
0.17,0.55,6,250,5,0,1,0,sales
0.82,0.82,5,220,6,0,1,0,sales
0.44,0.5,2,154,3,0,1,0,accounting
0.14,0.61,6,291,5,0,1,0,hr
0.36,0.51,2,129,3,0,1,0,support
0.8,0.83,5,275,5,0,1,0,support
0.6,0.85,3,250,2,0,1,0,support
0.83,0.88,5,239,5,0,1,0,support
0.11,0.87,6,278,5,0,1,0,technical
0.43,0.55,4,134,3,0,1,0,marketing
0.42,0.46,2,147,3,0,1,0,sales
0.11,0.86,6,254,4,0,1,0,sales
0.4,0.54,2,156,3,0,1,0,sales
0.42,0.5,2,128,3,0,1,0,accounting
0.87,0.97,5,250,6,0,1,0,support
0.1,0.88,7,282,4,0,1,0,support
0.1,0.89,7,253,4,0,1,0,support
0.77,0.85,5,276,5,0,1,0,support
0.14,0.55,6,175,5,0,1,0,IT
0.41,0.51,2,159,3,0,1,0,IT
0.42,0.54,2,143,3,0,1,0,product_mng
0.86,1,4,232,5,0,1,0,product_mng
0.83,0.94,4,264,5,0,1,0,sales
0.59,1,3,156,4,0,1,0,accounting
0.39,0.56,2,160,3,0,1,0,sales
0.78,0.96,5,272,5,0,1,0,sales
0.39,0.56,2,160,3,0,1,0,sales
0.38,0.45,2,132,3,0,1,0,sales
0.39,0.53,2,141,3,0,1,0,sales
0.41,0.54,2,133,3,0,1,0,sales
0.11,0.97,6,254,4,0,1,0,accounting
0.91,1,4,251,6,0,1,0,technical
0.92,0.89,4,241,5,0,1,0,technical
0.41,0.56,2,133,3,0,1,0,support
0.11,0.88,7,275,4,0,1,0,support
0.46,0.5,2,146,3,0,1,0,IT
0.09,0.78,6,260,4,0,1,0,IT
0.11,0.89,6,272,4,0,1,0,product_mng
0.88,0.97,4,255,5,1,1,0,IT
0.44,0.52,2,137,3,0,1,0,RandD
0.73,1,5,253,6,0,1,0,support
0.9,1,4,229,5,0,1,0,sales
0.44,0.56,2,141,3,0,1,0,sales
0.78,0.95,4,260,5,0,1,0,sales
0.84,1,5,250,5,0,1,0,sales
0.39,0.56,2,147,3,0,1,0,sales
0.85,0.9,2,168,2,0,1,0,sales
0.76,0.84,5,227,5,1,1,0,sales
0.43,0.53,2,143,3,0,1,0,accounting
0.41,0.51,2,156,3,0,1,0,technical
0.44,0.48,2,155,3,0,1,0,support
0.11,0.94,7,280,5,0,1,0,support
0.72,0.95,5,271,5,0,1,0,support
0.4,0.53,2,127,3,0,1,0,support
0.11,0.8,7,305,4,0,1,0,technical
0.43,0.5,2,152,3,0,1,0,management
0.43,0.52,2,136,3,0,1,0,IT
0.44,0.51,2,152,3,0,1,0,product_mng
0.1,0.85,6,266,4,0,1,0,sales
0.46,0.53,2,147,3,0,1,0,sales
0.39,0.49,2,142,3,0,1,0,sales
0.36,0.51,2,130,3,0,1,0,sales
0.1,0.9,7,269,4,0,1,0,accounting
0.44,0.48,2,158,3,0,1,0,technical
0.09,0.93,6,279,4,0,1,0,technical
0.7,0.84,6,161,4,0,1,0,technical
0.72,0.84,4,256,5,0,1,0,technical
0.09,0.89,6,282,4,0,1,0,support
0.43,0.5,2,148,3,0,1,0,support
0.85,0.87,5,245,5,0,1,0,technical
0.1,0.83,7,302,5,0,1,0,IT
0.1,0.94,7,264,4,0,1,0,IT
0.4,0.49,2,143,3,0,1,0,product_mng
0.43,0.49,2,131,3,0,1,0,RandD
0.83,0.85,5,237,5,0,1,0,marketing
0.1,0.84,5,303,5,0,1,0,accounting
0.39,0.68,2,282,5,0,1,0,marketing
0.39,0.53,2,146,3,0,1,0,sales
0.72,0.94,4,258,5,0,1,0,sales
0.37,0.49,2,148,3,0,1,0,sales
0.59,1,2,155,5,0,1,0,sales
0.73,0.97,6,189,2,0,1,0,sales
0.38,0.49,2,137,3,0,1,0,technical
0.72,0.84,5,257,5,0,1,0,technical
0.46,0.55,2,145,3,0,1,0,technical
0.43,0.57,2,159,3,1,1,0,technical
0.11,0.96,6,280,4,0,1,0,support
0.09,0.89,7,310,4,0,1,0,support
0.41,0.55,2,161,3,0,1,0,IT
0.53,0.76,5,132,6,0,1,0,IT
0.42,0.47,2,139,3,1,1,0,IT
0.43,0.48,2,136,3,0,1,0,RandD
0.11,0.84,7,310,4,0,1,0,sales
0.84,0.82,5,240,5,0,1,0,accounting
0.38,0.49,2,155,3,0,1,0,marketing
0.43,0.54,2,156,3,0,1,0,sales
0.82,0.67,2,202,3,0,0,0,sales
0.99,0.91,5,136,4,0,0,0,sales
0.34,0.39,2,136,3,0,0,0,sales
0.59,0.87,3,268,4,0,0,0,accounting
0.98,0.66,5,248,3,0,0,0,technical
1,0.41,4,174,3,0,0,0,technical
0.84,0.43,6,246,4,0,0,0,technical
0.61,0.98,3,267,3,0,0,0,technical
0.85,0.59,3,235,3,0,0,0,support
0.54,0.94,4,267,4,0,0,0,support
0.52,0.88,3,179,2,1,0,0,support
0.71,0.92,3,202,4,0,0,0,technical
0.98,0.97,3,196,3,0,0,0,management
0.84,0.65,2,140,3,0,0,0,IT
0.68,0.54,4,153,3,0,0,0,product_mng
0.85,0.6,3,182,3,0,0,0,IT
0.54,0.7,5,239,5,0,0,0,RandD
0.86,0.91,4,147,3,0,0,0,technical
0.81,0.99,5,143,3,0,0,0,marketing
0.86,0.99,3,169,2,1,0,0,sales
0.41,0.47,4,104,3,0,0,0,sales
0.51,0.69,3,212,3,0,0,0,sales
0.25,0.65,5,220,3,0,0,0,sales
0.57,0.51,2,152,2,0,0,0,accounting
0.84,0.58,4,208,3,0,0,0,accounting
0.48,0.56,2,151,3,0,0,0,hr
0.54,0.67,4,282,6,0,0,0,technical
0.94,0.83,2,185,3,1,0,0,technical
0.56,0.94,4,215,2,0,0,0,technical
0.15,0.53,6,222,3,0,0,0,technical
0.86,0.79,3,242,2,0,0,0,support
0.98,0.92,4,201,3,1,0,0,support
0.59,0.81,4,200,2,0,0,0,support
0.98,0.55,4,255,2,0,0,0,support
0.5,0.95,5,207,3,0,0,0,technical
0.72,0.5,3,257,6,0,0,0,IT
0.76,0.68,4,189,2,1,0,0,IT
0.72,0.63,3,176,3,1,0,0,technical
0.27,0.59,5,226,5,0,0,0,sales
0.65,0.64,3,223,4,0,0,0,sales
0.97,0.66,4,149,2,0,0,0,accounting
0.75,0.7,3,129,3,0,0,0,accounting
0.81,0.94,3,225,4,0,0,0,hr
0.26,0.85,6,152,4,0,0,0,support
0.79,0.84,3,176,3,0,0,0,support
0.87,0.52,3,237,3,0,0,0,support
0.83,0.65,4,162,3,0,0,0,technical
0.78,0.84,3,233,3,1,0,0,IT
0.17,0.59,3,197,5,0,0,0,IT
0.51,0.69,3,145,2,1,0,0,RandD
0.91,0.89,4,197,4,0,0,0,marketing
0.89,0.56,3,256,3,0,0,0,support
0.56,0.97,5,163,2,0,0,0,management
0.78,0.81,4,232,3,0,0,0,sales
0.82,0.51,3,234,3,0,0,0,sales
0.93,0.8,4,248,3,0,0,0,sales
0.61,0.84,5,104,4,0,0,0,sales
0.39,0.36,3,168,3,1,0,0,sales
0.7,0.59,4,216,3,0,0,0,accounting
0.92,0.49,3,240,2,0,0,0,hr
0.22,0.52,6,175,4,0,0,0,technical
0.87,0.74,4,190,4,0,0,0,technical
0.99,0.57,3,176,4,1,0,0,support
0.83,0.54,4,259,5,0,0,0,support
0.47,0.64,3,192,3,0,0,0,support
0.96,0.67,6,190,3,0,0,0,support
0.61,0.55,4,231,3,0,0,0,technical
0.96,0.45,6,232,2,1,0,0,product_mng
0.18,0.94,3,187,6,1,0,0,product_mng
0.67,0.54,2,136,2,0,0,0,RandD
0.96,0.99,3,148,3,0,0,0,support
0.91,0.61,2,272,2,0,0,0,sales
0.65,0.5,5,270,2,0,0,0,sales
0.51,0.64,3,267,2,0,0,0,sales
0.77,0.93,4,171,2,0,0,0,hr
0.58,0.55,5,206,3,0,0,0,technical
0.62,0.64,3,240,2,0,0,0,technical
0.82,0.83,3,271,2,0,0,0,technical
0.57,0.48,4,161,3,0,0,0,support
0.95,0.66,4,183,3,0,0,0,technical
0.59,0.43,3,173,3,0,0,0,technical
0.83,0.52,3,167,2,1,0,0,IT
0.54,0.73,2,100,3,0,0,0,IT
0.78,0.98,5,158,2,0,0,0,marketing
0.38,0.69,3,99,3,1,0,0,sales
0.72,0.51,3,160,3,0,0,0,sales
0.6,0.57,2,184,3,0,0,0,sales
0.61,0.55,5,266,2,0,0,0,sales
0.84,0.51,6,141,2,1,0,0,sales
0.19,0.98,5,226,4,1,0,0,accounting
0.61,0.98,4,199,2,0,0,0,technical
0.97,0.4,4,258,4,1,0,0,technical
0.48,0.69,4,222,2,0,0,0,technical
0.84,0.75,3,187,3,1,0,0,technical
0.61,0.62,4,140,3,1,0,0,support
0.81,0.68,5,230,2,0,0,0,support
0.73,0.72,4,197,3,0,0,0,support
0.69,0.76,5,255,6,0,0,0,technical
0.81,0.92,5,259,3,0,0,0,IT
0.87,0.84,5,137,2,0,0,0,product_mng
0.66,0.58,3,205,3,0,0,0,RandD
0.25,0.69,3,187,4,0,0,0,marketing
0.72,0.58,5,147,3,1,0,0,sales
0.47,0.57,3,162,3,1,0,0,sales
0.63,0.8,3,205,2,0,0,0,sales
0.53,0.69,4,216,2,0,0,0,hr
0.5,0.55,4,148,3,1,0,0,hr
0.76,0.5,3,156,3,1,0,0,support
1,0.94,4,144,3,0,0,0,support
0.24,0.5,5,174,4,0,0,0,management
0.93,0.97,3,256,2,1,0,0,product_mng
0.83,0.89,5,141,3,1,0,0,product_mng
0.58,0.75,4,186,2,0,0,0,product_mng
0.76,0.5,3,258,3,0,0,0,IT
0.5,0.78,3,228,2,0,0,0,RandD
0.81,0.76,4,177,3,0,0,0,support
0.9,0.87,5,219,2,0,0,0,marketing
0.61,0.63,5,230,3,0,0,0,sales
0.74,0.84,3,239,4,0,0,0,sales
0.79,0.76,3,160,3,0,0,0,sales
0.21,0.65,5,223,3,1,0,0,sales
0.46,0.62,2,187,3,0,0,0,hr
0.3,0.37,6,278,3,0,0,0,technical
0.43,0.75,3,108,2,0,0,0,technical
0.56,0.94,3,226,2,0,0,0,technical
0.53,0.73,4,248,2,0,0,0,technical
0.68,0.7,4,185,4,0,0,0,technical
0.26,0.67,2,242,6,0,0,0,technical
0.51,0.48,5,136,4,0,0,0,management
0.86,0.93,5,208,2,0,0,0,IT
0.58,0.86,5,271,3,0,0,0,IT
0.99,0.72,3,119,2,1,0,0,marketing
0.76,0.64,3,189,3,0,0,0,accounting
0.5,0.93,6,150,3,1,0,0,technical
0.48,0.89,5,179,3,0,0,0,management
0.93,0.97,4,227,3,0,0,0,marketing
0.85,0.78,4,251,3,0,0,0,sales
0.5,0.65,5,242,3,0,0,0,sales
0.14,1,5,174,5,0,0,0,sales
0.71,0.51,3,248,4,0,0,0,sales
0.88,0.86,4,224,3,1,0,0,sales
0.85,0.55,4,260,2,1,0,0,sales
0.91,0.61,4,243,2,1,0,0,accounting
0.82,0.62,4,202,2,0,0,0,accounting
0.93,0.88,4,177,3,0,0,0,technical
0.68,0.69,4,225,2,0,0,0,technical
0.66,0.46,4,204,4,0,0,0,product_mng
0.54,0.94,5,229,3,1,0,0,product_mng
0.86,0.62,3,256,3,1,0,0,RandD
0.33,0.7,5,271,4,0,0,0,RandD
0.6,0.62,4,135,2,1,0,0,sales
0.69,0.87,3,202,2,0,0,0,sales
0.63,0.5,3,140,2,0,0,0,sales
0.5,0.96,4,147,3,0,0,0,sales
0.83,0.55,5,261,5,0,0,0,sales
0.66,0.48,3,192,3,1,0,0,sales
0.68,0.51,4,157,3,0,0,0,sales
0.73,0.58,5,230,3,0,0,0,sales
0.76,0.76,3,216,3,0,0,0,sales
0.63,0.5,5,246,2,0,0,0,hr
0.49,0.77,4,218,2,0,0,0,technical
0.83,0.7,5,154,3,0,0,0,technical
0.64,0.55,4,167,3,1,0,0,technical
0.93,0.97,4,158,3,1,0,0,technical
0.56,0.75,5,143,5,0,0,0,support
0.63,0.62,4,184,4,0,0,0,support
0.24,0.62,5,169,4,0,0,0,support
0.68,0.6,2,192,6,0,0,0,support
0.3,0.91,4,248,4,0,0,0,management
0.82,0.63,5,177,3,0,0,0,IT
0.8,0.9,4,241,2,0,0,0,IT
0.94,0.9,2,263,3,0,0,0,RandD
0.78,0.87,3,191,3,1,0,0,support
0.82,0.55,3,217,4,1,0,0,technical
0.54,0.96,3,201,3,0,0,0,management
0.87,0.5,3,269,3,0,0,0,marketing
0.54,0.49,4,152,3,1,0,0,sales
0.54,0.56,4,227,3,0,0,0,sales
0.52,0.72,3,253,3,0,0,0,accounting
0.48,1,3,216,2,0,0,0,technical
0.62,0.72,3,188,3,0,0,0,technical
0.8,0.85,5,242,3,0,0,0,support
0.91,0.57,3,164,3,0,0,0,technical
0.83,0.98,5,189,4,1,0,0,management
0.96,0.37,2,159,6,0,0,0,RandD
0.2,0.89,6,244,3,0,0,0,RandD
0.64,0.73,3,142,3,0,0,0,marketing
0.62,0.9,4,155,4,0,0,0,sales
0.73,0.59,3,219,2,0,0,0,accounting
0.84,0.92,4,274,3,0,0,0,management
0.54,0.78,4,176,2,0,0,0,marketing
0.66,0.63,6,223,6,0,0,0,sales
0.73,0.41,2,231,6,1,0,0,sales
0.73,0.88,5,204,5,0,0,0,sales
0.76,0.78,3,189,2,0,0,0,sales
0.53,0.92,3,207,4,1,0,0,sales
0.91,0.85,4,203,2,0,0,0,sales
0.86,0.86,3,155,4,0,0,0,accounting
0.93,0.99,4,136,4,0,0,0,hr
0.65,0.84,3,154,3,0,0,0,support
0.2,0.77,6,213,4,0,0,0,support
0.75,0.78,2,251,6,0,0,0,technical
0.97,0.7,3,203,3,0,0,0,IT
0.79,0.48,4,184,5,1,0,0,IT
0.29,0.58,5,234,2,0,0,0,product_mng
0.97,0.58,5,156,2,1,0,0,RandD
0.74,0.41,4,250,4,0,0,0,RandD
0.93,0.98,4,160,3,0,0,0,sales
0.69,0.9,2,155,2,0,0,0,technical
0.73,0.75,3,259,4,0,0,0,marketing
0.12,0.47,3,258,5,0,0,0,sales
0.99,0.39,6,214,5,1,0,0,sales
0.82,0.69,4,262,2,0,0,0,sales
0.32,0.81,2,249,3,0,0,0,accounting
0.42,0.73,4,208,5,0,0,0,accounting
0.29,0.48,2,116,6,1,0,0,hr
0.54,0.64,2,219,3,0,0,0,technical
0.72,0.85,3,186,4,0,0,0,technical
0.8,0.58,4,172,3,0,0,0,support
0.15,0.86,3,204,4,0,0,0,support
0.55,0.82,2,197,4,0,0,0,technical
0.99,0.84,5,138,2,0,0,0,IT
0.72,0.87,3,238,3,0,0,0,IT
0.66,0.95,3,133,3,0,0,0,marketing
0.67,0.61,4,140,2,0,0,0,sales
0.93,0.48,3,147,3,0,0,0,support
0.51,0.75,4,154,3,0,0,0,marketing
0.74,0.48,5,144,3,0,0,0,sales
0.86,0.58,4,211,4,0,0,0,sales
0.83,0.77,3,228,3,0,0,0,sales
0.43,0.63,3,156,3,0,0,0,sales
0.62,0.89,3,153,3,1,0,0,hr
0.91,0.76,3,116,5,0,0,0,technical
0.83,0.82,5,179,3,0,0,0,technical
0.33,0.96,5,97,3,0,0,0,support
0.49,0.95,4,181,3,0,0,0,support
0.12,0.78,6,260,5,0,0,0,management
0.83,0.79,4,143,3,0,0,0,RandD
0.84,0.47,3,125,4,0,0,0,RandD
0.48,0.54,2,144,3,0,0,0,accounting
0.72,0.65,5,151,3,0,0,0,sales
0.57,0.96,4,257,3,0,0,0,sales
0.63,0.76,4,245,3,0,0,0,hr
0.57,0.56,4,113,3,0,0,0,hr
0.61,0.71,4,243,3,1,0,0,technical
0.74,0.63,3,231,3,0,0,0,technical
0.73,0.88,4,148,2,0,0,0,support
0.96,0.82,4,274,3,0,0,0,support
0.24,0.7,5,147,6,1,0,0,support
0.3,0.64,2,137,3,0,0,0,management
0.56,0.7,3,214,2,0,0,0,IT
0.87,0.57,4,227,3,0,0,0,product_mng
0.49,0.71,3,196,3,0,0,0,RandD
0.67,0.93,3,206,3,0,0,0,RandD
0.58,0.66,3,250,5,0,0,0,sales
0.55,0.92,3,198,3,0,0,0,sales
0.66,0.76,3,139,5,0,0,0,sales
0.49,0.71,3,154,2,0,0,0,sales
0.21,0.44,4,163,6,0,0,0,sales
0.49,0.98,3,267,3,1,0,0,sales
0.63,0.64,3,174,2,0,0,0,accounting
0.91,0.63,4,240,3,0,0,0,accounting
0.86,0.55,5,219,2,0,0,0,technical
0.57,0.82,5,218,3,0,0,0,support
0.65,0.7,4,157,4,0,0,0,support
0.6,0.83,3,230,3,0,0,0,support
0.97,0.85,4,219,3,0,0,0,technical
0.79,0.6,5,235,2,0,0,0,IT
0.49,0.76,5,237,3,0,0,0,IT
0.49,0.58,5,186,2,0,0,0,IT
0.18,0.52,5,185,6,0,0,0,product_mng
0.48,0.95,3,184,2,0,0,0,RandD
0.61,0.97,3,148,3,0,0,0,RandD
0.57,0.6,3,218,3,0,0,0,sales
0.7,0.88,3,166,5,0,0,0,technical
0.93,0.94,4,156,3,1,0,0,marketing
0.52,0.96,5,251,2,1,0,0,sales
0.6,0.62,3,135,2,0,0,0,sales
0.84,0.74,4,226,2,0,0,0,accounting
0.94,0.66,3,236,2,0,0,0,hr
0.95,0.86,3,207,2,0,0,0,technical
0.95,0.5,4,242,2,0,0,0,support
0.79,0.65,2,193,5,0,0,0,support
0.74,0.63,4,170,2,0,0,0,IT
0.6,0.8,4,146,2,0,0,0,product_mng
0.63,0.86,3,245,2,0,0,0,marketing
0.85,0.53,4,181,2,0,0,0,accounting
0.96,0.67,5,170,3,0,0,0,marketing
0.21,0.57,5,239,3,0,0,0,sales
0.69,0.63,3,226,3,0,0,0,sales
0.5,0.82,3,213,3,0,0,0,sales
0.76,0.52,2,148,3,0,0,0,sales
0.41,0.87,6,262,6,0,0,0,sales
0.74,0.46,6,145,3,0,0,0,accounting
0.71,0.77,4,142,2,0,0,0,hr
0.68,0.89,3,241,3,0,0,0,hr
0.21,0.7,3,104,2,0,0,0,technical
0.99,0.73,5,197,4,1,0,0,technical
0.84,0.51,4,173,2,0,0,0,technical
0.94,0.97,5,197,5,1,0,0,technical
0.55,0.81,3,242,2,0,0,0,technical
0.68,0.85,4,156,2,0,0,0,support
0.99,0.96,5,261,3,0,0,0,support
0.55,0.55,3,197,3,0,0,0,support
0.45,0.39,4,275,3,0,0,0,IT
0.93,0.89,4,209,2,0,0,0,RandD
0.15,0.84,4,275,5,0,0,0,marketing
0.69,0.53,3,135,2,0,0,0,sales
0.95,0.81,4,272,3,0,0,0,sales
0.89,0.91,5,156,4,0,0,0,sales
0.79,0.55,3,147,3,0,0,0,sales
0.56,0.73,4,134,3,0,0,0,accounting
0.98,0.59,4,149,2,0,0,0,hr
0.99,0.6,4,259,4,0,0,0,technical
0.58,0.91,3,223,2,0,0,0,technical
0.69,0.96,3,210,3,0,0,0,support
0.54,0.43,3,192,2,0,0,0,support
0.58,0.86,5,206,3,0,0,0,support
0.36,0.55,6,226,6,0,0,0,management
0.5,0.53,4,263,3,0,0,0,IT
0.71,0.67,3,264,3,0,0,0,IT
0.88,0.88,3,214,2,1,0,0,RandD
0.58,0.72,5,234,3,1,0,0,sales
0.9,0.99,4,190,2,0,0,0,sales
0.24,0.87,5,268,5,0,0,0,sales
0.87,0.74,3,209,3,0,0,0,accounting
0.59,0.83,4,239,4,0,0,0,hr
1,0.79,5,152,4,0,0,0,hr
0.83,0.99,4,226,2,0,0,0,technical
0.52,0.49,4,249,4,1,0,0,technical
0.77,0.7,3,155,3,0,0,0,IT
0.74,0.97,2,135,4,0,0,0,IT
0.75,0.92,3,192,3,0,0,0,product_mng
0.89,0.66,4,235,3,0,0,0,IT
0.79,0.67,3,264,2,0,0,0,RandD
0.85,0.85,4,258,2,0,0,0,marketing
0.74,0.89,3,160,2,0,0,0,sales
0.81,0.84,4,198,2,0,0,0,sales
0.94,0.6,3,193,3,0,0,0,sales
0.93,0.84,3,237,4,1,0,0,sales
0.57,0.92,6,267,4,0,0,0,sales
0.93,0.92,3,205,3,0,0,0,sales
0.73,0.6,3,137,3,0,0,0,hr
0.29,0.42,6,253,3,0,0,0,hr
0.43,0.85,6,168,2,0,0,0,technical
0.88,0.88,3,153,3,0,0,0,technical
0.82,0.71,4,164,4,0,0,0,support
0.16,0.88,6,218,3,0,0,0,support
0.87,0.73,3,172,3,1,0,0,support
0.96,0.71,4,210,3,0,0,0,technical
0.81,0.83,3,133,3,1,0,0,IT
0.27,0.82,4,276,2,0,0,0,IT
0.71,0.36,4,278,4,1,0,0,product_mng
0.62,0.91,3,133,3,0,0,0,RandD
0.81,0.77,4,197,3,0,0,0,marketing
0.32,0.97,6,272,2,0,0,0,sales
0.48,0.5,4,173,3,0,0,0,sales
0.68,0.41,3,106,6,0,0,0,sales
0.91,0.68,3,218,3,1,0,0,accounting
0.75,1,3,102,3,0,0,0,accounting
0.73,0.83,4,270,2,0,0,0,hr
0.62,0.68,5,265,3,0,0,0,hr
0.52,0.92,3,150,2,1,0,0,technical
0.39,0.48,3,190,2,0,0,0,technical
0.58,0.97,3,265,3,0,0,0,support
0.55,0.41,4,132,5,1,0,0,support
0.63,0.82,5,229,2,0,0,0,support
1,0.73,3,205,2,0,0,0,technical
0.63,0.8,4,256,4,0,0,0,management
0.35,0.7,3,107,3,0,0,0,RandD
0.91,0.53,3,147,4,1,0,0,support
0.66,0.61,5,259,3,0,0,0,technical
0.7,0.7,3,224,3,0,0,0,sales
0.3,0.71,3,155,2,0,0,0,sales
0.83,0.94,5,156,3,1,0,0,sales
0.76,0.56,4,214,2,1,0,0,sales
0.58,0.8,3,181,4,0,0,0,technical
0.61,0.59,3,237,2,0,0,0,technical
0.62,0.97,5,180,2,0,0,0,technical
0.7,0.91,4,181,2,1,0,0,technical
0.69,0.78,5,267,2,1,0,0,support
0.98,0.77,5,223,2,1,0,0,support
0.72,0.66,3,160,3,0,0,0,support
0.98,0.93,5,203,2,0,0,0,technical
0.48,0.73,5,152,6,0,0,0,IT
0.57,0.86,4,268,6,0,0,0,IT
0.86,0.96,4,146,3,0,0,0,IT
0.69,0.94,4,235,3,0,0,0,management
0.8,0.58,5,127,3,0,0,0,sales
0.54,0.48,3,152,2,0,0,0,sales
0.95,0.71,3,223,2,0,0,0,sales
0.96,0.81,4,211,3,0,0,0,sales
0.81,0.8,4,227,2,1,0,0,sales
0.44,0.74,5,253,2,0,0,0,accounting
0.7,0.71,5,269,3,0,0,0,technical
0.9,0.94,4,231,3,0,0,0,technical
0.8,0.78,3,175,3,0,0,0,technical
0.63,0.79,4,228,4,0,0,0,technical
0.85,0.55,4,233,2,1,0,0,technical
0.85,0.9,3,184,3,1,0,0,support
0.5,0.6,2,177,3,1,0,0,IT
0.74,0.57,4,172,3,0,0,0,product_mng
0.65,0.37,5,128,3,1,0,0,product_mng
0.74,0.98,5,200,3,0,0,0,sales
0.81,0.81,5,215,2,0,0,0,sales
0.18,0.64,3,223,4,1,0,0,sales
0.76,0.65,3,220,3,0,0,0,sales
0.76,0.61,3,141,2,0,0,0,sales
0.76,0.81,3,225,3,0,0,0,technical
0.7,0.56,5,208,3,0,0,0,technical
0.53,0.5,6,264,6,0,0,0,technical
0.7,0.9,4,216,3,0,0,0,support
0.57,0.5,4,230,2,0,0,0,technical
0.54,0.53,4,183,3,0,0,0,IT
0.88,0.67,5,141,2,0,0,0,product_mng
0.67,0.95,4,241,4,0,0,0,accounting
0.84,0.76,5,172,5,1,0,0,technical
0.63,0.83,4,217,3,0,0,0,marketing
0.85,0.55,3,137,3,1,0,0,sales
0.73,0.78,5,150,3,0,0,0,sales
0.83,0.8,3,273,3,0,0,0,sales
0.87,0.56,2,214,3,1,0,0,sales
0.44,0.57,5,183,2,1,0,0,sales
0.19,0.86,4,192,4,0,0,0,sales
0.25,0.97,3,158,3,0,0,0,sales
0.68,1,4,167,2,0,0,0,sales
0.38,0.5,2,187,2,1,0,0,sales
0.64,0.95,4,199,4,0,0,0,accounting
0.86,0.83,5,208,2,1,0,0,hr
0.14,0.68,4,273,5,1,0,0,hr
0.63,0.97,4,234,2,0,0,0,technical
0.17,0.61,3,241,5,1,0,0,technical
0.55,0.57,3,266,2,0,0,0,technical
0.64,0.8,3,199,3,0,0,0,support
0.58,0.71,3,205,3,0,0,0,support
0.97,0.53,4,247,3,0,0,0,support
0.95,0.63,3,249,3,0,0,0,management
0.76,0.75,4,193,4,0,0,0,IT
0.44,0.55,3,170,3,1,0,0,IT
0.54,0.91,3,151,3,0,0,0,product_mng
0.57,0.78,3,206,4,0,0,0,RandD
0.86,0.67,5,200,3,0,0,0,RandD
0.94,0.8,4,238,3,1,0,0,management
0.91,0.89,4,260,3,0,0,0,sales
0.6,0.95,3,221,3,0,0,0,sales
0.59,0.57,5,257,2,0,0,0,sales
0.89,0.93,4,249,3,0,0,0,sales
0.55,0.59,3,245,3,0,0,0,sales
0.51,0.95,4,258,3,0,0,0,hr
0.16,0.94,3,178,4,0,0,0,hr
0.69,0.99,3,198,2,0,0,0,technical
0.58,0.67,2,180,2,0,0,0,technical
0.5,0.57,3,223,3,0,0,0,technical
0.81,0.78,4,159,3,0,0,0,support
0.85,0.39,4,239,4,0,0,0,support
0.26,0.97,3,125,2,0,0,0,support
0.12,0.58,3,241,2,0,0,0,technical
0.65,0.67,4,144,3,0,0,0,technical
0.29,0.77,3,164,6,0,0,0,RandD
0.67,0.81,3,221,4,1,0,0,accounting
0.61,0.51,3,141,2,0,0,0,sales
0.63,0.88,3,177,3,0,0,0,sales
0.6,0.49,2,194,4,0,0,0,sales
0.53,0.75,3,232,3,0,0,0,sales
0.96,0.49,4,252,3,1,0,0,sales
0.84,0.57,4,234,3,0,0,0,technical
0.16,0.84,3,238,6,0,0,0,technical
0.57,0.76,3,200,2,0,0,0,support
0.66,0.73,3,244,3,0,0,0,support
1,0.93,5,182,3,1,0,0,support
0.84,0.85,4,185,3,1,0,0,IT
0.6,0.58,4,249,3,0,0,0,IT
0.88,0.98,3,160,2,0,0,0,product_mng
0.66,0.62,4,250,2,0,0,0,RandD
0.86,1,3,192,3,0,0,0,marketing
0.52,0.8,5,234,3,0,0,0,sales
0.74,0.74,5,175,3,0,0,0,sales
0.58,0.86,3,151,2,0,0,0,accounting
0.27,0.47,5,217,6,0,0,0,accounting
0.98,0.66,3,150,3,0,0,0,hr
0.75,0.5,4,98,4,0,0,0,hr
0.68,0.91,4,162,3,1,0,0,technical
0.48,0.71,2,140,3,1,0,0,support
0.95,0.67,4,270,4,0,0,0,support
0.7,0.85,3,188,2,0,0,0,technical
0.59,0.9,3,146,3,0,0,0,RandD
0.98,0.51,3,157,3,0,0,0,marketing
0.51,0.94,4,247,2,0,0,0,management
0.96,0.5,3,158,2,1,0,0,sales
0.25,0.62,6,271,5,0,0,0,sales
0.87,0.78,3,170,2,0,0,0,sales
0.71,0.99,4,238,4,1,0,0,sales
0.82,0.92,3,187,3,1,0,0,hr
0.49,0.48,3,190,2,0,0,0,technical
0.74,0.92,5,255,3,0,0,0,support
0.52,0.47,6,141,5,1,0,0,support
0.95,0.81,3,260,2,0,0,0,support
0.54,0.6,3,209,2,0,0,0,support
0.95,0.6,2,144,3,0,0,0,IT
0.96,0.9,3,161,3,0,0,0,product_mng
0.21,0.72,3,245,6,0,0,0,IT
0.85,0.67,3,167,4,0,0,0,RandD
0.54,0.81,5,261,6,0,0,0,RandD
0.56,0.81,5,274,4,0,0,0,RandD
0.7,0.84,4,184,3,0,0,0,sales
0.76,0.62,4,197,3,0,0,0,technical
0.82,0.92,5,252,3,0,0,0,management
0.66,0.94,4,190,3,0,0,0,marketing
0.5,0.97,4,269,3,0,0,0,sales
0.4,0.59,3,207,6,0,0,0,sales
0.51,0.5,5,251,3,1,0,0,sales
0.84,0.62,5,217,3,0,0,0,sales
0.78,0.98,5,252,3,0,0,0,sales
0.59,0.71,5,169,2,0,0,0,sales
0.5,0.54,4,165,3,0,0,0,accounting
0.95,0.75,3,253,4,0,0,0,accounting
0.61,0.98,3,138,5,1,0,0,hr
0.59,0.93,4,146,3,0,0,0,technical
0.98,0.76,4,221,3,1,0,0,technical
0.72,0.72,4,175,4,0,0,0,technical
0.72,0.67,5,219,3,0,0,0,IT
0.56,0.62,4,247,3,0,0,0,product_mng
0.53,0.75,2,123,4,0,0,0,RandD
0.78,0.92,5,242,4,0,0,0,RandD
0.94,0.68,5,151,2,0,0,0,RandD
0.76,0.99,3,164,2,0,0,0,support
0.74,0.87,4,258,2,0,0,0,marketing
0.7,0.92,3,162,3,1,0,0,sales
0.9,0.77,4,236,3,0,0,0,sales
0.39,0.41,6,115,3,0,0,0,sales
0.48,0.77,3,197,3,0,0,0,hr
0.6,0.72,4,267,4,0,0,0,support
0.37,0.4,4,161,2,0,0,0,support
0.73,0.52,4,215,3,0,0,0,support
0.59,0.98,4,198,3,0,0,0,product_mng
0.8,0.79,5,240,4,0,0,0,IT
0.76,0.57,5,139,4,0,0,0,sales
0.51,0.58,4,272,3,0,0,0,accounting
0.16,0.52,3,100,4,0,0,0,support
0.66,0.68,4,152,3,0,0,0,marketing
0.72,0.72,3,217,2,0,0,0,sales
0.64,0.52,3,223,3,0,0,0,sales
0.68,1,3,148,4,1,0,0,sales
0.68,1,6,258,5,0,0,0,sales
0.69,0.82,4,273,4,0,0,0,hr
0.6,0.65,5,201,2,0,0,0,technical
0.59,0.95,5,254,2,0,0,0,technical
0.52,0.72,2,160,2,0,0,0,technical
0.6,0.59,3,172,3,0,0,0,technical
0.54,0.86,4,205,5,0,0,0,support
0.88,0.59,4,142,3,0,0,0,technical
0.85,0.58,4,143,6,1,0,0,IT
0.94,0.8,5,111,4,0,0,1,RandD
0.58,0.71,4,145,3,1,0,1,RandD
0.43,0.6,3,138,3,0,0,1,RandD
0.72,0.49,3,203,3,0,0,1,RandD
0.95,0.96,5,175,3,1,0,1,RandD
0.87,0.56,4,121,2,0,0,1,technical
0.8,0.65,3,135,3,0,0,1,marketing
0.25,0.59,4,218,3,1,0,0,sales
0.69,0.8,5,215,3,0,0,0,sales
0.91,0.49,6,272,6,0,0,0,sales
0.92,0.61,2,228,2,0,0,0,sales
0.71,0.79,4,133,3,0,0,1,technical
0.92,0.82,4,168,3,0,0,1,support
0.69,0.92,4,149,2,0,0,0,product_mng
0.97,0.6,5,133,2,0,0,0,RandD
0.34,0.92,3,206,3,0,0,0,RandD
0.83,0.53,5,182,2,1,0,0,technical
0.8,0.58,4,238,2,0,0,0,sales
0.22,0.89,4,262,4,0,0,0,sales
0.49,0.56,4,260,6,0,0,0,sales
0.68,0.8,2,254,2,1,0,0,sales
0.87,0.42,5,252,5,0,0,0,sales
0.48,0.6,2,121,5,0,0,0,hr
0.79,0.87,5,240,2,1,0,0,technical
0.69,0.64,4,200,3,0,0,0,technical
0.78,0.67,4,260,3,0,0,0,technical
0.9,1,2,114,5,0,0,0,support
0.72,0.95,5,171,3,0,0,0,support
0.59,0.82,2,233,2,0,0,0,IT
0.71,0.79,3,189,3,0,0,0,IT
0.89,0.89,3,138,2,0,0,0,RandD
0.66,0.57,3,169,4,1,0,0,marketing
0.63,0.93,3,236,4,0,0,0,sales
0.87,0.62,5,197,2,0,0,0,sales
0.74,0.76,5,255,4,0,0,0,sales
0.65,0.48,3,131,3,1,0,0,sales
0.58,0.75,4,253,2,0,0,0,sales
0.49,0.77,2,254,2,0,0,0,sales
0.85,0.6,4,255,4,0,0,0,hr
0.99,0.44,6,104,6,0,0,0,technical
0.28,0.76,3,150,2,0,0,0,technical
0.85,0.86,3,231,3,0,0,0,support
0.81,1,5,143,2,0,0,0,support
0.49,0.48,4,249,3,0,0,0,support
0.81,0.97,3,247,3,0,0,0,support
0.95,0.72,4,235,2,0,0,0,support
0.63,0.57,5,160,2,0,0,0,technical
0.56,0.85,3,225,3,0,0,0,IT
0.37,0.61,3,186,2,0,0,0,IT
0.5,0.82,3,133,2,1,0,0,product_mng
1,0.73,3,245,2,1,0,0,product_mng
0.69,0.9,6,224,4,0,0,1,RandD
0.56,0.54,4,191,2,1,0,1,sales
0.78,0.58,3,224,2,0,0,0,sales
0.86,0.66,3,150,2,0,0,0,sales
0.88,0.95,3,137,3,0,0,0,sales
0.65,0.65,4,224,3,0,0,0,sales
0.84,0.83,3,215,3,0,0,0,accounting
0.41,0.59,2,182,3,0,0,0,technical
1,0.8,5,162,3,1,0,0,technical
0.63,0.58,4,141,3,1,0,0,technical
0.59,0.62,3,203,4,0,0,0,support
0.67,0.81,4,168,2,0,0,0,support
0.73,0.93,4,162,2,1,0,0,support
0.93,0.74,2,169,4,0,0,0,support
0.97,0.91,4,257,3,1,0,0,technical
0.66,0.95,4,183,3,0,0,0,technical
0.56,0.52,4,158,2,0,0,0,IT
0.32,0.72,2,240,5,0,0,0,IT
0.52,0.57,4,183,3,0,0,0,RandD
0.15,0.91,2,207,3,0,0,0,technical
0.6,0.88,3,261,3,1,0,0,marketing
0.8,0.91,3,202,2,0,0,0,sales
0.67,0.83,4,195,3,0,0,0,sales
0.19,0.8,4,249,5,0,0,0,sales
0.5,0.84,3,156,4,0,0,0,accounting
0.15,0.7,4,220,4,0,0,0,hr
0.54,0.52,5,155,3,0,0,0,technical
0.77,0.96,6,225,4,0,0,0,support
0.92,0.49,5,259,3,1,0,0,support
0.91,0.99,3,188,3,1,0,0,support
0.62,0.58,3,192,2,0,0,0,IT
0.65,0.69,4,153,3,0,0,0,product_mng
0.78,0.95,3,249,4,0,0,0,RandD
0.9,0.78,4,225,2,1,0,0,sales
0.21,0.77,6,215,4,0,0,0,sales
0.7,0.85,4,232,3,0,0,0,sales
0.77,0.65,4,268,3,0,0,0,sales
0.78,0.49,3,224,3,0,0,0,sales
0.83,0.95,3,255,3,0,0,0,technical
0.87,0.54,4,211,3,0,0,0,technical
0.69,0.49,3,198,4,0,0,0,technical
0.42,0.59,3,156,2,0,0,0,technical
0.55,0.65,3,207,3,0,0,0,technical
0.5,0.54,3,254,2,0,0,0,product_mng
0.55,0.55,4,191,4,0,0,0,product_mng
0.93,0.66,4,228,3,0,0,0,RandD
0.77,0.89,5,152,3,0,0,0,support
0.88,0.96,5,182,4,1,0,0,marketing
0.63,0.74,4,155,2,0,0,0,sales
0.63,0.8,4,243,2,0,0,0,sales
0.86,0.94,5,209,4,0,0,0,sales
0.73,0.53,3,205,2,0,0,0,sales
0.59,0.62,3,219,3,0,0,0,sales
0.92,0.62,4,266,2,0,0,0,hr
0.94,0.59,5,250,3,0,0,0,hr
0.57,0.82,5,138,3,0,0,0,technical
0.91,0.99,5,152,3,0,0,0,technical
0.72,0.59,3,255,2,0,0,0,support
0.59,0.9,4,261,4,0,0,0,technical
0.76,0.4,2,245,5,0,0,0,product_mng
0.83,0.87,3,230,3,0,0,1,RandD
0.41,0.58,5,274,2,1,0,0,sales
0.7,0.76,5,165,3,0,0,0,sales
0.67,1,4,145,3,1,0,1,sales
0.94,0.53,5,257,2,0,0,1,sales
0.34,0.89,5,266,6,0,0,0,sales
0.45,0.53,3,181,4,1,0,0,accounting
0.97,0.66,4,193,4,0,0,0,accounting
0.69,0.74,4,237,3,0,0,0,technical
1,0.85,3,150,3,0,0,0,technical
0.78,0.77,3,149,4,1,0,0,support
0.72,0.63,3,149,2,0,0,0,support
0.7,0.56,4,107,6,0,0,0,support
0.96,0.51,3,237,4,0,0,0,technical
0.69,0.98,3,168,2,0,0,0,RandD
0.93,0.61,3,166,3,0,0,0,sales
0.74,0.81,4,150,2,0,0,0,accounting
0.78,0.45,3,253,6,0,0,1,support
0.77,0.84,3,188,4,0,0,0,sales
0.61,0.92,3,222,4,0,0,0,sales
0.41,0.9,6,155,2,0,0,0,accounting
0.98,0.61,3,226,2,0,0,0,hr
0.82,0.84,3,237,2,0,0,0,technical
0.44,0.36,2,136,3,0,0,0,technical
0.61,0.64,5,186,4,0,0,0,support
0.89,0.93,5,150,2,0,0,0,support
0.6,0.8,3,191,2,0,0,0,support
0.77,0.54,3,227,4,0,0,0,management
0.78,0.93,3,200,3,0,0,0,RandD
0.97,0.86,3,187,2,0,0,0,sales
0.21,0.74,5,141,4,0,0,0,accounting
0.52,0.96,4,246,3,0,0,0,support
0.26,0.71,6,189,2,0,0,0,marketing
0.69,0.54,4,180,3,0,0,0,marketing
0.79,0.59,2,157,6,0,0,0,sales
0.93,0.62,4,258,3,0,0,0,sales
0.51,0.49,4,182,2,0,0,0,sales
0.89,0.89,4,265,2,0,0,0,sales
0.94,0.59,3,137,2,0,0,0,sales
0.7,0.63,3,209,3,0,0,0,technical
0.93,0.97,5,255,4,0,0,0,support
0.54,0.5,4,146,2,0,0,0,support
0.83,0.56,4,269,3,0,0,0,product_mng
0.86,0.58,4,220,5,0,0,0,technical
0.94,0.92,3,187,2,0,0,0,marketing
0.13,0.63,6,219,6,0,0,0,marketing
0.73,0.6,4,224,3,0,0,0,sales
0.53,0.59,3,163,4,0,0,0,accounting
0.89,0.63,4,164,3,0,0,0,hr
0.26,0.51,2,284,2,0,0,0,technical
0.36,0.42,2,192,2,0,0,0,technical
0.18,0.6,3,130,2,1,0,0,support
0.88,0.93,4,195,2,0,0,0,support
0.36,0.71,3,100,3,0,0,0,technical
0.62,0.64,5,150,3,1,0,0,technical
0.73,0.86,4,138,2,0,0,0,RandD
0.77,0.94,4,224,2,0,0,0,management
0.76,0.97,3,271,3,0,0,0,sales
0.73,0.5,3,208,2,0,0,0,sales
0.14,0.96,3,196,5,1,0,0,sales
0.3,0.47,2,159,4,0,0,0,sales
0.84,0.59,3,234,2,0,0,0,sales
0.87,0.68,4,217,3,0,0,0,sales
0.64,0.61,3,221,3,0,0,0,accounting
0.84,0.93,6,166,4,0,0,0,technical
0.62,0.79,3,274,3,0,0,0,support
0.68,0.81,3,166,2,0,0,0,IT
0.52,0.7,4,247,5,0,0,0,IT
0.54,0.64,3,203,4,0,0,0,IT
0.53,0.84,3,151,3,0,0,0,product_mng
0.91,0.6,4,163,5,0,0,0,IT
0.53,0.78,2,138,2,0,0,0,RandD
0.97,0.87,3,207,4,0,0,0,RandD
0.18,0.93,3,245,4,1,0,0,RandD
0.94,0.7,3,176,3,0,0,0,technical
0.77,0.89,3,142,3,0,0,0,marketing
0.61,0.51,4,242,3,0,0,0,sales
0.58,0.72,4,170,2,0,0,0,sales
0.52,0.98,4,148,3,0,0,0,sales
0.5,0.6,5,216,3,0,0,0,sales
0.56,0.68,3,269,3,1,0,0,technical
0.72,0.71,5,137,3,0,0,0,technical
0.86,0.92,3,180,2,0,0,0,support
0.6,0.6,4,182,3,0,0,0,support
0.64,0.75,4,170,3,0,0,0,support
0.9,0.9,3,274,3,0,0,0,IT
0.38,0.59,4,276,2,0,0,0,product_mng
0.89,0.39,6,190,3,1,0,0,RandD
0.49,0.74,4,104,4,0,0,0,sales
0.5,0.78,3,206,3,1,0,1,sales
0.99,0.57,3,221,3,0,0,0,technical
0.77,0.83,3,204,3,0,0,0,support
0.21,0.92,2,211,2,0,0,0,support
0.77,0.52,3,210,3,1,0,0,IT
0.86,0.68,2,192,3,0,0,0,product_mng
0.85,0.96,3,211,2,0,0,0,product_mng
0.84,0.84,6,261,5,0,0,0,product_mng
0.51,0.78,5,225,4,0,0,0,RandD
0.71,0.85,4,157,2,0,0,0,RandD
0.16,0.81,2,159,6,1,0,0,RandD
0.67,0.69,5,225,3,0,0,0,accounting
0.23,0.96,2,234,4,0,0,0,sales
0.83,0.75,6,215,5,0,0,0,sales
0.26,0.37,2,232,3,1,0,0,hr
1,0.54,3,151,2,1,0,0,technical
0.5,0.85,4,150,2,0,0,0,support
0.66,0.94,4,198,3,1,0,0,support
0.65,0.86,4,267,2,0,0,0,support
0.79,0.71,3,202,3,0,0,0,product_mng
0.38,0.92,5,238,2,0,0,0,product_mng
0.56,0.69,5,239,2,1,0,0,IT
0.17,0.86,3,286,6,0,0,0,marketing
0.72,0.71,5,248,2,0,0,0,marketing
0.5,0.52,4,178,3,0,0,0,sales
0.76,0.87,4,161,3,0,0,0,sales
0.21,0.53,3,229,5,0,0,0,accounting
0.89,0.59,4,230,3,0,0,0,hr
0.52,0.77,4,134,4,0,0,0,technical
0.71,0.97,3,219,3,0,0,0,technical
0.4,0.62,3,283,5,0,0,0,technical
0.61,0.72,3,144,2,0,0,0,support
0.74,0.55,6,130,2,0,0,0,support
0.81,0.55,3,127,4,0,0,0,support
0.94,0.53,4,183,3,0,0,0,IT
0.77,0.87,5,257,2,0,0,0,product_mng
0.58,0.57,5,105,6,0,0,0,product_mng
0.57,0.61,5,254,5,0,0,0,marketing
0.78,0.67,4,221,3,1,0,0,support
0.72,0.89,3,221,3,0,0,0,sales
0.54,0.68,3,158,3,0,0,0,sales
0.91,0.87,3,199,3,0,0,0,sales
0.44,0.38,3,197,2,0,0,0,sales
0.55,0.6,4,176,3,0,0,0,sales
0.52,0.53,2,286,3,0,0,0,sales
0.88,0.53,3,188,3,0,0,0,technical
0.93,0.68,2,150,3,0,0,0,technical
0.59,0.58,4,233,4,0,0,0,support
0.44,0.97,4,240,5,1,0,0,technical
0.74,0.67,4,158,3,0,0,0,sales
0.95,0.67,4,227,3,0,0,0,sales
0.76,0.65,4,195,3,0,0,0,sales
0.57,0.62,3,154,2,0,0,0,sales
0.67,0.55,4,214,3,1,0,0,sales
0.52,0.83,2,227,4,0,0,0,sales
0.43,0.93,6,127,3,1,0,0,sales
0.97,0.51,4,241,4,0,0,0,hr
0.96,0.59,3,214,2,0,0,0,hr
0.61,0.47,4,181,5,0,0,0,technical
0.59,0.94,4,265,3,0,0,0,technical
0.71,0.95,3,251,3,0,0,0,support
0.64,0.7,5,140,4,0,0,0,support
0.33,0.69,3,125,3,0,0,0,management
0.8,0.87,4,217,3,0,0,0,IT
0.85,0.81,2,223,3,1,0,0,product_mng
0.71,0.61,2,198,2,1,0,0,marketing
0.82,0.63,4,199,2,0,0,0,marketing
0.97,0.93,2,270,4,0,0,0,sales
0.14,0.52,4,108,6,0,0,0,sales
0.2,0.73,3,250,5,0,0,0,sales
0.37,0.37,3,168,3,0,0,0,hr
0.55,0.5,4,179,3,0,0,0,technical
0.84,0.67,3,139,2,0,0,0,technical
0.78,0.95,5,273,2,0,0,0,technical
0.89,0.86,3,208,3,0,0,0,support
0.91,0.9,3,243,3,0,0,0,support
0.68,0.92,3,226,2,0,0,0,IT
0.14,0.79,5,163,6,0,0,0,RandD
0.93,0.92,5,189,2,0,0,0,RandD
0.77,0.71,2,242,2,0,0,0,marketing
0.82,0.68,3,160,4,0,0,0,sales
0.61,0.83,5,236,2,0,0,0,sales
0.85,0.49,3,258,3,0,0,0,sales
0.56,0.83,5,275,2,0,0,0,sales
0.84,0.61,4,261,2,0,0,0,accounting
0.63,0.75,4,155,3,0,0,0,technical
0.79,0.86,3,126,5,0,0,0,support
0.64,0.55,3,147,2,0,0,0,support
0.18,0.51,6,227,2,0,0,0,support
0.8,0.89,2,166,3,0,0,0,technical
0.54,0.49,3,203,3,1,0,0,product_mng
0.21,0.94,3,287,5,0,0,0,RandD
0.98,0.55,3,260,3,0,0,0,sales
0.53,0.74,5,181,2,0,0,0,sales
0.69,0.5,3,260,4,0,0,0,sales
0.35,0.67,2,171,3,0,0,0,sales
0.64,0.85,3,213,4,0,0,0,technical
0.68,0.56,3,146,3,0,0,0,technical
0.72,0.73,3,198,2,0,0,0,technical
0.97,0.77,5,223,2,0,0,0,support
0.31,0.61,4,97,2,0,0,0,support
0.19,0.76,3,107,5,0,0,0,support
0.61,0.41,3,103,2,0,0,0,technical
0.62,0.7,5,180,4,0,0,0,product_mng
0.67,0.84,4,197,2,0,0,0,RandD
0.62,0.92,3,228,2,0,0,0,sales
0.7,0.98,4,146,3,0,0,0,marketing
0.45,0.75,4,169,2,0,0,0,sales
0.15,0.87,4,194,4,0,0,0,sales
0.14,0.52,4,122,2,0,0,0,sales
0.45,0.45,4,168,2,0,0,0,sales
0.79,0.48,5,200,3,0,0,0,sales
0.5,0.7,4,162,2,0,0,0,sales
0.65,0.79,4,196,2,0,0,0,accounting
0.86,0.85,3,254,3,0,0,0,technical
0.99,0.97,5,229,2,0,0,0,technical
0.67,0.66,3,151,3,0,0,0,technical
0.65,0.6,3,142,2,0,0,0,support
0.73,0.8,4,251,2,1,0,0,support
0.53,0.69,4,257,4,0,0,0,support
0.82,0.5,3,198,4,0,0,0,IT
0.84,0.99,4,134,3,0,0,0,product_mng
0.87,0.89,3,140,2,1,0,0,RandD
0.6,0.96,4,99,6,0,0,0,RandD
0.74,0.62,3,216,3,1,0,0,sales
0.87,0.82,5,138,3,1,0,0,management
0.76,0.99,3,216,3,0,0,0,marketing
0.7,0.93,4,241,3,0,0,0,sales
0.49,0.68,4,201,4,0,0,0,sales
0.55,0.96,4,267,3,0,0,0,sales
0.63,0.98,4,210,3,0,0,0,sales
0.91,0.76,3,197,3,0,0,0,technical
0.87,0.82,3,224,3,0,0,0,technical
0.89,0.95,3,246,4,0,0,0,support
0.54,0.93,3,124,5,0,0,0,IT
1,0.73,5,142,4,0,0,0,IT
0.89,0.56,4,159,3,0,0,0,product_mng
0.91,0.68,4,178,3,1,0,0,sales
0.9,0.87,4,231,5,0,0,0,management
0.66,0.69,5,202,6,0,0,0,sales
0.57,0.78,3,162,2,0,0,0,sales
0.46,0.87,5,254,5,1,0,0,sales
0.56,0.73,4,148,3,0,0,0,sales
0.97,0.75,5,228,4,0,0,0,sales
0.91,0.69,5,240,3,0,0,0,sales
0.61,0.69,3,224,3,0,0,0,hr
0.3,0.57,2,158,2,0,0,0,hr
0.59,0.72,2,107,3,0,0,0,hr
0.63,0.64,3,208,2,1,0,0,support
0.42,0.91,3,209,2,0,0,0,technical
0.83,0.64,4,210,3,0,0,0,management
0.26,0.39,3,99,4,0,0,0,IT
0.97,0.64,3,237,3,0,0,0,IT
0.84,0.55,4,149,2,0,0,0,product_mng
0.98,0.53,6,253,4,0,0,0,RandD
0.66,0.96,4,216,3,0,0,0,sales
0.5,0.63,4,229,4,0,0,0,sales
0.81,0.98,5,243,6,0,0,0,sales
0.66,0.51,5,149,3,0,0,0,sales
0.61,0.53,4,266,3,0,0,0,accounting
0.16,0.56,6,196,3,0,0,0,technical
0.96,0.47,2,233,5,1,0,0,technical
0.6,0.89,3,232,2,0,0,0,support
0.86,0.65,4,243,2,0,0,0,technical
0.75,0.55,3,253,6,0,0,0,IT
0.77,0.58,2,247,2,1,0,0,RandD
0.6,0.6,4,201,3,0,0,0,RandD
0.85,0.5,3,168,2,1,0,0,marketing
0.36,0.69,3,165,3,0,0,0,sales
0.5,0.89,3,187,4,1,0,0,sales
0.2,0.98,4,166,4,1,0,0,sales
0.84,0.63,4,135,2,0,0,0,sales
0.73,0.95,3,222,4,0,0,0,sales
0.34,0.56,3,139,2,0,0,0,hr
0.69,0.93,3,228,4,0,0,0,technical
0.52,0.51,2,232,4,0,0,0,technical
0.88,0.99,3,190,5,0,0,0,technical
0.72,0.8,3,213,3,0,0,0,technical
0.65,0.9,3,200,3,0,0,0,technical
0.44,0.87,5,104,4,0,0,0,technical
0.56,0.56,5,229,4,1,0,0,support
0.39,0.57,2,132,3,0,0,0,support
0.72,0.84,4,250,3,0,0,0,support
0.81,0.77,3,204,3,0,0,0,management
0.84,0.96,3,162,3,0,0,0,sales
0.94,0.99,3,207,2,0,0,0,sales
0.62,0.77,3,271,2,0,0,0,sales
0.72,0.83,3,132,2,0,0,0,technical
0.53,0.79,3,206,3,0,0,0,technical
0.97,0.72,5,260,4,0,0,0,technical
0.75,0.79,4,176,4,1,0,0,support
0.87,0.58,3,140,3,1,0,0,support
0.95,0.58,4,131,5,0,0,0,support
0.67,0.65,5,242,3,0,0,0,support
0.68,0.71,3,237,3,0,0,0,IT
0.19,0.8,5,203,6,0,0,0,product_mng
0.57,0.59,4,206,3,0,0,0,RandD
0.83,0.73,4,262,2,0,0,0,RandD
0.88,0.89,2,201,3,0,0,0,accounting
0.57,0.65,4,162,3,1,0,0,sales
0.99,0.54,4,236,4,0,0,0,sales
0.19,0.91,3,268,4,0,0,0,sales
0.15,0.74,6,178,3,0,0,0,sales
0.75,0.72,5,260,3,0,0,0,sales
0.82,0.52,5,225,2,0,0,0,accounting
0.95,0.96,3,250,3,0,0,0,hr
0.9,0.97,4,239,4,0,0,0,technical
0.99,0.62,5,133,3,0,0,0,technical
0.19,0.85,6,116,3,0,0,0,technical
0.89,0.79,2,208,3,1,0,0,support
0.52,0.66,5,184,3,0,0,0,IT
0.95,0.73,4,238,3,1,0,0,IT
0.82,0.77,3,108,6,0,0,0,product_mng
0.55,0.6,5,271,3,1,0,0,RandD
0.65,0.6,3,218,4,0,0,0,RandD
0.81,0.59,4,187,2,0,0,0,technical
0.49,0.56,5,202,2,0,0,0,marketing
0.84,0.54,3,265,2,0,0,0,marketing
0.13,0.88,3,146,5,0,0,0,sales
0.94,0.66,4,230,2,0,0,0,sales
0.61,0.82,3,209,2,0,0,0,sales
0.95,0.49,4,178,2,0,0,0,sales
0.88,0.72,3,193,4,0,0,0,sales
0.94,0.69,3,248,3,0,0,0,sales
0.88,0.57,4,185,2,0,0,0,sales
0.72,0.61,5,170,3,0,0,0,technical
0.83,0.86,4,139,3,0,0,0,support
0.83,0.94,3,160,3,0,0,0,support
0.8,0.38,3,215,6,0,0,0,support
0.86,0.6,3,229,2,1,0,0,support
0.77,0.9,4,163,3,0,0,0,technical
0.86,0.86,4,227,2,0,0,0,product_mng
0.76,0.62,4,190,3,0,0,0,RandD
0.19,0.69,4,269,6,0,0,0,RandD
0.37,0.41,2,146,2,0,0,0,support
0.66,0.57,6,278,3,0,0,0,sales
0.49,0.51,2,182,3,0,0,0,sales
0.17,0.49,4,286,5,1,0,0,sales
0.83,0.36,4,242,3,0,0,0,sales
0.48,0.98,4,174,3,0,0,0,sales
0.85,0.97,4,104,5,0,0,0,accounting
0.89,0.66,4,252,3,0,0,0,technical
0.31,0.75,4,220,3,0,0,0,support
0.62,0.51,4,175,3,0,0,0,support
0.9,0.64,5,226,2,0,0,0,technical
0.59,0.89,3,192,2,0,0,0,IT
0.98,0.39,5,158,4,1,0,0,product_mng
0.63,0.81,4,265,2,0,0,0,RandD
0.61,0.72,4,182,2,1,0,0,RandD
0.61,1,5,139,2,0,0,0,sales
0.39,1,5,204,5,1,0,0,management
0.79,0.64,4,263,2,0,0,0,sales
0.51,0.46,3,176,3,0,0,0,sales
0.74,0.86,5,153,2,0,0,0,sales
0.42,0.38,2,115,3,0,0,0,hr
0.34,0.62,4,158,2,0,0,0,technical
0.64,0.74,3,267,2,0,0,0,support
0.9,0.48,3,213,3,0,0,0,support
0.76,0.84,5,249,3,0,0,0,support
0.23,0.51,6,194,4,1,0,0,RandD
0.89,0.51,3,249,3,0,0,0,RandD
0.74,0.94,4,255,4,0,0,0,marketing
0.83,0.87,5,248,3,0,0,0,sales
0.7,0.63,3,157,4,0,0,0,sales
0.5,0.57,3,219,3,0,0,0,sales
0.49,0.99,5,262,2,1,0,0,sales
0.36,0.4,3,160,3,0,0,0,accounting
0.88,1,3,125,3,0,0,0,technical
0.97,0.96,5,210,6,1,0,0,technical
0.97,0.66,4,214,2,1,0,0,IT
0.59,0.75,3,168,3,0,0,0,RandD
0.64,0.75,4,172,4,0,0,0,marketing
0.87,0.57,3,149,2,0,0,0,accounting
0.74,0.61,3,231,2,0,0,0,support
0.73,0.89,3,226,3,1,0,0,technical
0.87,0.86,3,196,4,0,0,0,sales
0.9,0.49,4,185,2,0,0,0,sales
0.85,0.97,4,210,2,0,0,0,sales
0.54,0.58,3,234,3,0,0,0,sales
0.81,0.77,5,102,5,0,0,0,sales
0.66,0.98,4,225,2,1,0,0,hr
0.79,0.74,3,238,2,0,0,0,technical
0.68,0.55,3,182,3,1,0,0,technical
0.63,0.73,5,168,3,0,0,0,technical
0.18,0.46,5,202,4,0,0,0,support
0.78,0.61,3,257,3,0,0,0,support
0.68,0.75,5,243,3,1,0,0,support
0.63,0.67,5,250,2,0,0,0,product_mng
0.21,0.62,4,247,3,1,0,0,product_mng
0.52,0.84,4,212,3,0,0,0,IT
0.62,0.73,3,138,3,0,0,0,RandD
0.85,0.99,3,201,3,0,0,0,RandD
0.68,0.61,3,134,4,0,0,0,sales
0.53,0.41,2,148,2,1,0,0,sales
0.8,0.82,4,202,3,0,0,0,sales
0.7,0.48,4,237,3,0,0,0,sales
0.67,0.52,3,273,3,0,0,0,sales
0.22,0.64,6,260,4,0,0,0,hr
0.91,1,6,242,3,1,0,0,hr
0.71,0.41,5,107,4,0,0,0,technical
0.73,0.87,3,181,3,0,0,0,support
0.83,0.79,4,270,3,1,0,0,support
0.7,1,4,261,3,0,0,0,technical
0.26,0.73,4,178,6,0,0,0,technical
0.69,0.57,5,227,4,0,0,0,IT
0.57,0.91,4,252,4,0,0,0,IT
0.66,0.65,3,234,2,0,0,0,marketing
0.57,0.59,4,158,3,0,0,0,marketing
0.99,0.79,3,271,4,0,0,0,marketing
0.76,0.93,4,187,4,0,0,0,marketing
0.46,0.79,2,108,3,0,0,0,sales
0.83,0.78,3,257,2,0,0,0,sales
0.71,0.99,5,208,2,1,0,0,accounting
0.78,0.65,3,154,2,0,0,0,hr
0.33,0.61,2,163,3,0,0,0,technical
0.3,0.86,6,232,3,0,0,0,technical
0.53,0.51,6,272,5,0,0,0,technical
0.36,0.95,6,276,2,0,0,0,support
0.32,0.66,3,144,2,0,0,0,support
0.63,0.93,6,171,3,1,0,0,support
0.89,0.75,3,167,2,0,0,0,technical
0.91,0.56,4,241,2,0,0,0,IT
0.74,0.6,3,232,3,0,0,0,IT
0.67,0.54,5,157,2,0,0,0,RandD
0.81,0.87,4,161,2,0,0,0,RandD
0.97,0.97,4,242,2,0,0,0,accounting
0.91,0.58,3,257,3,0,0,0,marketing
0.16,0.69,4,187,5,0,0,0,marketing
0.75,0.61,5,173,4,0,0,0,sales
0.96,0.62,6,193,4,0,0,0,sales
0.92,0.78,4,212,2,0,0,0,sales
0.35,0.63,3,156,3,0,0,0,sales
0.51,0.83,3,133,3,0,0,0,sales
0.89,0.76,3,251,2,1,0,0,sales
0.51,0.89,6,170,4,0,0,0,hr
0.57,0.98,3,236,3,1,0,0,technical
0.49,0.94,4,195,3,1,0,0,technical
0.83,0.98,3,229,6,0,0,0,support
0.94,0.82,3,246,3,0,0,0,support
0.49,0.6,4,141,3,0,0,0,technical
0.46,0.55,5,261,5,0,0,0,RandD
0.73,0.91,4,241,2,1,0,0,accounting
0.97,0.84,3,223,3,0,0,0,sales
0.54,0.91,2,156,3,0,0,0,sales
0.6,0.7,3,147,2,0,0,0,sales
0.5,0.94,3,262,4,0,0,0,accounting
0.75,0.82,3,169,3,0,0,0,hr
0.87,0.76,5,254,2,1,0,0,hr
0.52,0.79,5,265,3,1,0,0,support
0.96,0.91,4,228,3,1,0,0,support
0.17,0.85,3,168,4,0,0,0,IT
0.82,0.73,3,183,3,0,0,0,IT
0.62,0.54,4,170,3,0,0,0,technical
0.77,0.72,4,223,3,0,0,0,sales
0.75,0.76,3,246,3,0,0,0,sales
0.3,0.47,6,141,6,0,0,0,sales
0.6,0.99,4,160,3,0,0,0,sales
0.98,0.62,3,203,2,0,0,0,accounting
0.79,0.5,4,252,3,1,0,0,hr
0.22,0.9,4,209,5,0,0,0,technical
0.71,0.56,3,177,4,0,0,0,support
0.33,0.46,5,261,6,1,0,0,IT
0.63,0.83,4,243,4,0,0,0,product_mng
0.94,0.8,4,228,2,0,0,0,RandD
0.21,0.81,4,227,5,0,0,0,marketing
0.73,0.74,3,254,4,1,0,0,marketing
0.77,0.49,3,265,3,0,0,0,sales
0.71,0.79,4,261,3,0,0,0,sales
0.97,0.7,4,218,2,0,0,0,sales
0.23,0.99,5,176,4,1,0,0,sales
0.52,0.63,5,241,3,0,0,0,sales
1,0.97,5,141,2,0,0,0,accounting
0.98,0.8,3,166,2,0,0,0,hr
0.69,0.64,4,190,4,0,0,0,technical
0.56,0.79,4,197,2,0,0,0,support
0.7,0.79,4,240,2,0,0,0,support
0.77,0.7,3,145,2,0,0,0,product_mng
0.68,0.79,4,273,4,0,0,0,product_mng
0.61,0.72,4,134,2,0,0,0,accounting
0.68,0.88,5,256,2,0,0,0,technical
0.49,0.91,3,227,3,0,0,0,sales
0.82,0.63,3,171,3,0,0,0,sales
0.5,0.96,4,274,3,0,0,0,sales
0.99,0.94,5,221,2,0,0,0,sales
0.93,0.58,5,238,2,0,0,0,sales
0.98,0.96,4,253,3,0,0,0,sales
0.76,0.81,4,193,3,1,0,0,accounting
0.48,0.79,3,180,2,0,0,0,technical
0.45,0.76,4,143,2,1,0,0,support
0.42,0.53,3,181,5,0,0,0,technical
0.61,0.66,2,111,3,0,0,0,technical
0.25,0.68,4,279,5,1,0,0,IT
0.75,0.77,3,178,4,0,0,0,IT
0.96,0.78,3,209,2,0,0,0,product_mng
0.84,0.45,3,263,2,0,0,0,RandD
0.57,0.55,2,173,2,0,0,0,RandD
0.95,0.62,3,161,3,0,0,0,sales
0.71,0.85,3,260,3,0,0,0,marketing
0.95,0.9,2,129,5,0,0,0,marketing
0.41,0.75,4,199,3,0,0,0,sales
0.55,0.97,4,136,4,0,0,0,sales
0.51,0.98,4,269,3,0,0,0,accounting
0.81,0.87,5,241,3,0,0,0,accounting
0.53,0.55,5,224,2,1,0,0,hr
0.67,0.48,6,107,2,1,0,0,hr
0.69,0.63,3,137,3,0,0,0,technical
0.62,0.58,3,148,2,1,0,0,technical
0.84,0.54,4,179,2,0,0,0,technical
0.57,0.67,3,207,2,0,0,0,technical
0.98,0.85,4,178,3,0,0,0,support
0.3,0.85,2,203,3,0,0,0,support
0.49,0.83,2,185,6,0,0,0,support
0.77,0.43,4,265,6,0,0,0,support
0.71,0.8,5,248,4,0,0,0,management
0.59,0.56,5,162,4,0,0,0,IT
0.9,0.54,3,272,2,0,0,0,IT
0.59,0.65,4,177,2,0,0,0,product_mng
0.35,0.4,3,130,3,0,0,0,product_mng
0.77,0.62,5,190,3,0,0,0,RandD
0.71,0.77,3,149,2,0,0,0,sales
0.5,0.54,2,269,2,1,0,0,sales
0.34,0.55,3,136,2,1,0,0,sales
0.2,0.58,5,199,4,0,0,0,sales
0.81,0.5,5,205,3,0,0,0,sales
0.99,0.64,4,218,4,0,0,0,accounting
0.88,0.77,4,224,5,1,0,0,hr
0.91,0.55,3,223,4,1,0,0,technical
0.82,0.51,3,210,2,0,0,0,technical
0.55,0.61,3,209,3,0,0,0,technical
0.87,0.57,4,175,2,1,0,0,technical
0.56,0.68,3,208,3,1,0,0,support
0.96,0.88,5,269,2,0,0,0,support
0.67,0.92,4,156,2,0,0,0,support
0.51,0.9,5,193,4,0,0,0,support
0.77,0.71,5,233,2,0,0,0,technical
0.96,0.57,3,263,3,0,0,0,support
0.3,0.53,3,210,6,0,0,0,marketing
0.14,0.8,5,226,3,0,0,0,sales
0.2,0.9,5,228,6,0,0,0,sales
1,0.84,3,215,2,0,0,0,sales
0.52,0.85,4,193,3,0,0,0,sales
0.13,0.72,4,247,3,0,0,0,sales
0.78,0.53,4,177,2,0,0,0,accounting
0.5,0.53,3,191,2,1,0,0,hr
0.5,0.74,5,256,3,1,0,0,support
0.88,0.5,4,162,2,0,0,0,support
0.67,0.94,2,192,3,0,0,0,product_mng
0.89,0.73,3,274,2,0,0,0,sales
0.61,0.89,2,287,4,0,0,0,sales
0.17,0.5,4,274,6,0,0,0,sales
0.17,0.45,2,119,3,0,0,0,sales
0.18,0.99,4,160,5,0,0,0,accounting
0.67,0.96,4,207,3,0,0,0,technical
0.67,0.82,5,148,2,1,0,0,technical
0.76,0.71,3,205,2,0,0,0,support
0.57,0.86,3,164,2,0,0,0,support
0.52,0.82,3,138,2,1,0,0,support
0.86,0.53,3,213,3,0,0,0,IT
0.82,0.48,4,149,6,0,0,0,product_mng
0.7,0.38,4,270,2,0,0,0,RandD
0.8,0.58,4,175,2,0,0,0,RandD
0.85,0.69,4,216,4,0,0,0,management
0.57,0.52,4,252,2,0,0,0,marketing
0.33,0.72,2,173,2,0,0,0,marketing
0.86,0.59,4,165,3,0,0,0,sales
0.43,0.46,2,239,3,1,0,0,sales
0.61,0.45,3,114,3,0,0,0,sales
0.95,0.83,4,252,2,0,0,0,sales
0.35,0.56,4,142,2,0,0,0,hr
0.81,0.51,3,247,2,0,0,0,support
0.98,0.87,5,151,6,0,0,0,IT
0.42,0.48,5,191,5,0,0,0,RandD
0.49,0.99,4,258,3,1,0,0,sales
0.95,0.57,2,263,3,0,0,0,marketing
0.77,0.48,3,204,6,0,0,0,sales
0.21,0.76,6,219,4,1,0,0,sales
0.91,0.61,3,255,3,0,0,0,accounting
0.74,0.99,4,193,3,0,0,0,accounting
1,0.6,4,265,4,0,0,0,technical
0.56,0.61,3,250,2,0,0,0,support
0.98,0.87,3,239,4,0,0,0,support
0.57,0.58,3,251,3,0,0,0,technical
0.61,0.86,4,153,5,0,0,0,IT
0.48,0.55,4,262,3,1,0,0,RandD
0.72,0.59,4,245,2,0,0,0,management
0.67,0.61,3,251,2,0,0,0,marketing
0.68,0.93,4,179,2,0,0,0,sales
0.92,0.74,4,213,3,0,0,0,sales
0.66,0.95,4,224,2,0,0,0,sales
0.14,0.54,5,275,4,1,0,0,sales
0.86,0.57,4,183,3,0,0,0,sales
0.64,0.83,4,179,3,0,0,0,hr
0.93,0.53,3,217,3,0,0,0,hr
0.6,0.97,3,164,2,0,0,0,technical
0.6,0.49,5,259,4,0,0,0,technical
0.66,0.36,3,256,6,0,0,0,support
0.78,0.99,2,188,2,0,0,0,technical
0.51,0.51,3,274,2,0,0,0,product_mng
0.6,0.9,5,139,3,0,0,0,sales
0.98,0.69,2,204,4,0,0,0,marketing
0.87,0.96,4,151,3,1,0,0,sales
0.67,0.83,5,269,2,0,0,0,sales
0.19,0.63,4,233,5,0,0,0,sales
0.49,0.7,4,168,3,0,0,0,accounting
0.76,0.85,4,135,3,0,0,0,accounting
0.72,0.88,3,224,3,0,0,0,technical
0.25,0.98,4,166,5,1,0,0,technical
0.89,0.85,4,201,2,1,0,0,support
0.61,0.7,5,157,4,0,0,0,support
0.96,0.6,5,269,2,0,0,0,technical
0.75,0.81,3,214,3,0,0,0,IT
0.59,0.59,3,141,3,0,0,0,RandD
0.57,0.69,3,154,2,0,0,0,RandD
0.21,0.85,6,235,6,0,0,0,RandD
0.74,0.69,4,244,2,0,0,0,sales
0.46,0.55,3,139,2,0,0,0,sales
0.85,1,3,255,3,0,0,0,sales
0.79,0.52,3,134,2,1,0,0,sales
0.95,0.87,4,135,3,0,0,0,technical
0.57,0.8,4,262,3,0,0,0,technical
0.9,0.83,3,273,4,0,0,0,support
0.7,0.9,5,246,2,0,0,0,support
0.52,0.55,5,192,3,0,0,0,support
0.68,0.85,3,209,2,0,0,0,management
0.65,0.56,3,230,2,0,0,0,IT
0.76,0.7,5,195,3,0,0,0,RandD
0.99,0.65,3,209,2,1,0,0,support
0.97,0.86,5,222,3,0,0,0,technical
0.52,0.53,4,159,4,0,0,0,sales
0.8,0.81,5,156,2,0,0,0,sales
0.51,0.95,4,169,3,1,0,0,sales
0.56,0.43,2,169,3,0,0,0,sales
0.91,0.93,5,158,4,0,0,0,sales
0.6,0.88,3,201,2,0,0,0,hr
0.21,0.55,4,189,2,0,0,0,technical
0.68,0.95,4,146,2,0,0,0,technical
0.85,0.55,4,158,5,0,0,0,technical
0.49,0.85,4,200,3,0,0,0,support
0.76,0.97,4,219,2,0,0,0,support
0.75,0.72,2,192,3,0,0,0,support
0.29,0.4,6,205,3,0,0,0,technical
0.7,0.43,6,253,3,0,0,0,IT
0.48,0.64,4,146,2,0,0,0,marketing
0.63,0.9,4,188,4,1,0,0,sales
0.7,0.99,3,167,3,0,0,0,sales
0.98,0.61,3,272,3,0,0,0,sales
0.93,0.62,3,184,3,0,0,0,sales
0.55,0.57,4,220,3,0,0,0,sales
0.89,0.88,3,203,3,0,0,0,accounting
0.6,0.76,5,168,2,1,0,0,accounting
0.5,0.7,3,159,3,0,0,0,hr
0.94,0.53,5,169,3,0,0,0,technical
0.51,0.91,3,227,2,0,0,0,technical
0.66,0.66,4,166,3,0,0,0,technical
0.57,0.75,5,172,4,0,0,0,support
0.63,0.77,5,210,3,0,0,0,RandD
0.84,0.93,5,225,4,0,0,0,sales
0.74,0.42,3,131,3,0,0,0,sales
0.62,0.64,5,187,3,0,0,0,sales
0.64,0.53,3,281,3,0,0,0,sales
0.86,0.92,3,162,3,1,0,0,accounting
0.55,0.51,3,192,3,0,0,0,accounting
0.58,0.45,3,131,2,0,0,0,technical
0.57,0.37,3,108,4,0,0,0,technical
0.58,0.84,3,258,4,0,0,0,support
0.82,0.54,4,164,3,0,0,0,support
0.96,0.73,3,193,3,1,0,0,support
0.22,0.89,6,278,5,1,0,0,support
0.84,0.68,4,179,3,0,0,0,technical
0.49,0.65,3,168,4,0,0,0,technical
0.83,0.75,3,262,3,0,0,0,IT
0.52,0.65,4,264,3,0,0,0,product_mng
0.21,0.65,4,276,6,0,0,0,marketing
0.58,0.63,5,191,3,1,0,0,technical
0.7,0.69,5,154,2,0,0,0,sales
0.66,0.53,4,162,3,0,0,0,sales
0.52,0.83,3,153,2,0,0,0,sales
0.79,0.66,4,243,3,0,0,0,sales
0.74,0.9,4,156,4,0,0,0,hr
0.72,0.95,4,230,3,0,0,0,technical
0.89,0.59,3,247,4,0,0,0,technical
0.47,0.55,5,207,3,0,0,0,support
0.98,0.62,5,260,2,1,0,0,support
0.96,0.48,3,182,2,1,0,0,support
0.5,0.75,3,232,2,0,0,0,IT
0.44,0.83,4,210,2,0,0,0,IT
0.7,0.57,5,247,3,0,0,0,RandD
0.66,0.84,5,187,2,1,0,0,RandD
0.2,0.54,4,149,3,0,0,0,accounting
0.6,0.77,4,163,3,1,0,0,marketing
0.61,0.53,4,183,3,0,0,0,marketing
0.64,0.6,3,196,3,0,0,0,sales
0.68,0.61,6,236,3,0,0,0,sales
0.87,0.84,3,172,3,0,0,0,sales
0.72,0.98,4,180,2,0,0,0,sales
0.97,0.54,5,185,2,0,0,0,sales
0.59,0.56,4,250,2,0,0,0,accounting
0.82,0.97,4,243,3,1,0,0,technical
0.75,0.82,4,252,3,0,0,0,technical
0.56,0.88,4,273,3,0,0,0,support
0.48,0.43,3,96,3,0,0,0,support
0.67,0.8,4,190,4,0,0,0,technical
0.58,0.6,4,147,3,0,0,0,technical
0.57,0.78,4,143,3,0,0,0,management
0.3,0.76,5,224,2,0,0,0,product_mng
0.81,0.85,4,202,3,1,0,0,product_mng
0.58,0.74,4,180,3,0,0,0,product_mng
0.58,0.96,5,143,2,0,0,0,sales
0.54,0.65,5,206,4,1,0,0,sales
0.79,0.75,4,259,3,0,0,0,sales
0.17,0.64,6,205,5,1,0,0,sales
0.5,0.87,5,245,2,0,0,0,technical
0.82,0.53,4,162,3,1,0,0,technical
0.58,0.94,4,225,2,0,0,0,technical
0.89,0.75,4,246,3,1,0,0,support
0.15,0.96,5,201,6,0,0,0,support
0.85,0.79,4,138,2,0,0,0,technical
0.95,0.75,3,247,2,0,0,0,product_mng
0.85,0.99,5,176,4,0,0,0,product_mng
0.99,0.98,5,241,2,0,0,0,IT
0.71,0.8,2,146,4,0,0,0,marketing
0.62,0.65,4,212,3,1,0,0,sales
0.99,0.57,3,189,4,1,0,0,sales
0.24,0.81,4,217,5,0,0,0,sales
0.85,0.51,3,242,3,0,0,0,hr
0.84,0.5,5,267,2,0,0,0,technical
0.15,0.84,3,201,6,0,0,0,support
0.86,0.64,4,137,2,0,0,0,support
0.59,0.75,2,273,2,0,0,0,IT
0.64,0.72,4,253,4,0,0,0,RandD
0.66,0.93,4,248,3,0,0,0,management
0.55,0.8,3,192,3,1,0,0,marketing
0.67,0.83,3,220,3,0,0,0,sales
0.2,0.98,2,228,3,0,0,0,sales
0.66,0.89,3,202,3,1,0,0,sales
0.93,0.68,3,137,3,1,0,0,sales
0.33,0.95,4,280,3,0,0,0,accounting
0.76,0.91,3,133,2,0,0,0,hr
0.48,0.5,6,253,4,0,0,0,technical
0.2,0.59,5,105,4,0,0,0,technical
0.75,0.73,5,181,3,1,0,0,technical
0.61,0.82,3,271,3,0,0,0,support
0.67,0.72,4,223,3,0,0,0,support
0.69,0.95,5,184,2,0,0,0,support
0.25,0.8,5,186,4,1,0,0,support
0.98,0.83,5,211,3,0,0,0,support
0.57,0.98,3,214,2,0,0,0,technical
0.74,0.9,4,189,2,0,0,0,IT
0.71,0.54,3,249,3,0,0,0,marketing
0.6,0.7,4,265,4,1,0,0,accounting
0.69,0.54,5,152,3,1,0,0,management
0.25,0.96,6,217,4,0,0,0,marketing
0.92,0.88,3,145,4,1,0,0,sales
0.25,0.45,3,228,5,0,0,0,accounting
0.18,0.54,4,165,3,0,0,0,technical
0.5,0.76,4,229,3,1,0,0,technical
0.63,0.96,4,133,2,0,0,0,technical
0.59,0.82,3,162,2,0,0,0,IT
0.62,0.64,3,165,3,0,0,0,IT
0.76,0.77,3,254,3,0,0,0,product_mng
0.56,0.45,3,184,3,0,0,0,RandD
0.91,0.63,4,210,3,0,0,0,RandD
0.56,0.86,4,137,2,1,0,0,RandD
0.74,0.88,5,183,3,1,0,0,accounting
0.87,0.78,4,142,3,0,0,0,management
0.49,0.87,4,171,3,1,0,0,marketing
0.58,0.98,3,175,3,0,0,0,sales
0.88,0.7,4,146,4,0,0,0,sales
0.77,0.56,3,167,4,0,0,0,accounting
0.93,0.49,3,211,2,0,0,0,technical
0.84,0.79,4,157,4,0,0,0,technical
0.5,0.72,3,182,2,1,0,0,product_mng
0.82,0.89,4,275,3,0,0,0,IT
0.59,1,4,275,3,0,0,0,RandD
0.92,0.77,5,217,4,0,0,0,marketing
0.89,0.86,3,261,4,0,0,0,sales
0.69,0.52,5,219,3,0,0,0,sales
0.94,0.69,3,269,3,0,0,0,sales
0.55,0.73,4,201,3,0,0,0,sales
0.59,0.8,5,247,3,0,0,0,accounting
0.82,0.37,2,280,3,0,0,0,accounting
0.94,0.81,4,237,3,1,0,0,technical
0.77,0.79,3,273,2,0,0,0,technical
0.62,0.68,3,226,3,0,0,0,technical
0.61,0.9,4,216,3,0,0,0,technical
0.58,0.81,4,266,2,0,0,0,support
0.78,0.84,4,173,3,0,0,0,support
0.18,0.95,6,248,3,0,0,0,support
0.89,0.64,5,191,3,0,0,0,support
0.9,0.83,3,151,3,0,0,0,IT
0.63,0.74,4,173,3,0,0,0,product_mng
0.93,0.57,2,205,4,1,0,0,product_mng
0.55,0.75,3,191,3,0,0,0,sales
0.82,0.57,2,158,3,1,0,0,hr
0.83,0.78,4,242,3,1,0,0,hr
0.76,0.71,6,168,2,0,0,0,technical
0.62,0.49,4,174,3,0,0,0,technical
0.81,0.97,3,133,3,0,0,0,technical
0.64,0.91,4,150,3,0,0,0,technical
0.76,0.6,5,244,3,1,0,0,technical
0.22,0.59,5,162,2,0,0,0,support
0.69,0.62,4,183,4,0,0,0,support
0.16,0.89,4,196,3,1,0,0,IT
0.91,0.71,3,171,2,0,0,0,IT
0.56,0.56,2,153,2,0,0,0,product_mng
0.56,0.41,6,142,3,0,0,0,product_mng
0.52,0.78,3,181,3,0,0,0,RandD
0.89,0.65,3,210,3,0,0,0,marketing
0.49,0.73,4,185,3,0,0,0,sales
0.54,0.53,3,184,3,0,0,0,sales
0.4,0.42,3,146,2,1,0,0,hr
0.72,0.57,2,248,2,0,0,0,technical
0.44,0.38,4,128,2,0,0,0,support
0.51,0.51,4,189,3,0,0,0,support
0.92,0.82,4,96,4,0,0,0,IT
0.92,0.94,3,234,2,1,0,0,IT
0.68,0.55,6,181,3,0,0,0,IT
0.3,0.66,3,198,2,0,0,0,product_mng
0.71,0.8,4,157,3,0,0,0,RandD
0.19,1,4,188,4,1,0,0,marketing
0.15,0.69,6,213,6,0,0,0,sales
0.28,0.92,3,151,3,0,0,0,sales
0.7,0.5,3,251,2,0,0,0,technical
0.5,0.64,3,249,2,1,0,0,technical
0.83,0.66,3,239,3,0,0,0,technical
0.16,0.73,6,170,3,0,0,0,technical
0.83,0.71,3,254,2,0,0,0,technical
0.77,0.4,4,207,5,0,0,0,support
0.18,0.96,5,208,6,0,0,0,technical
0.58,0.49,3,135,2,0,0,0,IT
0.68,0.44,5,165,3,0,0,0,RandD
0.81,0.52,3,162,3,0,0,0,marketing
0.77,0.73,4,159,3,1,0,0,sales
1,0.96,4,155,3,0,0,0,support
0.79,0.98,4,185,2,0,0,0,marketing
0.82,0.51,5,232,3,0,0,0,marketing
0.61,0.59,3,157,2,0,0,0,sales
0.92,0.76,4,258,2,0,0,0,hr
0.86,0.73,3,159,3,0,0,0,hr
0.38,0.6,4,190,2,0,0,0,technical
0.63,0.93,4,238,2,0,0,0,technical
0.73,0.55,3,149,3,0,0,0,technical
0.77,0.61,4,181,2,0,0,0,support
0.97,0.54,3,271,3,0,0,0,support
0.75,0.55,5,204,3,0,0,0,support
0.22,0.74,5,178,5,0,0,0,IT
0.61,0.5,3,231,3,0,0,0,IT
0.73,0.74,3,221,3,0,0,0,RandD
0.88,0.66,3,178,3,0,0,0,RandD
0.5,0.97,2,252,4,0,0,0,management
0.5,0.84,3,150,2,0,0,0,marketing
0.92,0.62,3,264,2,0,0,0,sales
0.51,0.7,4,142,4,1,0,0,sales
0.69,0.75,4,249,4,0,0,0,hr
0.8,0.51,3,159,3,0,0,0,technical
0.31,0.38,3,173,2,0,0,0,technical
0.65,0.85,4,233,2,0,0,0,support
0.57,0.49,2,237,2,0,0,0,support
0.57,0.83,5,189,3,0,0,0,support
0.97,0.58,4,159,3,0,0,0,technical
0.69,0.83,5,225,3,0,0,0,management
0.97,0.91,2,112,5,0,0,0,IT
0.75,0.5,4,166,4,0,0,0,IT
0.98,0.91,3,264,4,1,0,0,marketing
0.37,0.62,4,253,2,0,0,0,marketing
0.84,0.54,5,186,2,0,0,0,technical
0.16,0.87,5,163,3,0,0,0,management
0.86,0.86,3,173,3,0,0,0,marketing
0.97,0.86,3,257,4,0,0,0,sales
0.5,0.95,3,166,4,1,0,0,technical
0.25,0.87,3,265,4,0,0,0,technical
0.77,0.91,5,274,3,0,0,0,technical
0.54,0.92,4,175,3,0,0,0,support
0.8,0.85,5,253,3,1,0,0,technical
0.74,0.55,5,168,4,0,0,0,management
0.72,0.72,4,218,4,0,0,0,IT
0.27,0.85,2,277,6,1,0,0,IT
0.51,0.57,3,162,3,1,0,0,RandD
0.97,0.76,3,193,3,0,0,0,RandD
0.61,0.37,4,165,6,0,0,0,marketing
0.75,0.71,3,237,3,1,0,0,accounting
0.65,0.48,4,144,3,0,0,0,accounting
0.74,0.54,5,221,3,0,0,0,technical
0.69,0.71,3,241,3,0,0,0,support
0.79,0.72,5,245,3,1,0,0,technical
0.8,0.76,4,135,2,0,0,0,technical
0.55,0.87,3,241,4,0,0,0,IT
0.57,0.66,4,151,2,0,0,0,product_mng
0.97,0.74,3,134,3,1,0,0,marketing
0.95,0.55,5,134,3,0,0,0,IT
0.21,0.61,6,159,5,1,0,0,accounting
0.57,0.64,4,151,2,0,0,0,management
0.58,0.57,5,205,2,0,0,0,marketing
0.91,1,4,211,3,0,0,0,marketing
0.63,0.67,5,169,2,0,0,0,marketing
0.95,0.65,5,142,2,1,0,0,sales
0.68,0.55,4,169,3,1,0,0,sales
0.76,0.71,4,156,3,0,0,0,sales
0.99,0.47,3,152,5,0,0,0,sales
0.61,0.83,5,269,5,1,0,0,sales
0.69,0.66,3,113,4,0,0,0,sales
0.85,0.6,3,251,2,0,0,0,sales
0.16,0.56,5,152,5,0,0,0,hr
0.6,0.72,3,181,2,0,0,0,technical
0.88,0.91,3,157,2,0,0,0,technical
0.94,0.8,6,147,3,0,0,0,technical
0.92,0.97,4,199,3,0,0,0,support
0.34,0.62,2,257,6,1,0,0,support
0.95,0.53,4,143,3,0,0,0,support
0.94,0.81,3,150,2,0,0,0,support
0.22,1,6,244,3,0,0,0,IT
0.38,0.63,2,182,2,0,0,0,product_mng
0.55,0.9,4,206,3,0,0,0,product_mng
0.74,0.99,4,156,3,0,0,0,product_mng
0.69,0.91,6,247,6,0,0,0,RandD
0.92,0.54,3,246,3,0,0,0,RandD
0.88,0.96,5,173,4,0,0,0,accounting
0.75,0.92,3,160,3,1,0,0,technical
0.62,0.71,4,168,2,0,0,0,sales
0.47,0.43,3,120,3,0,0,0,sales
0.87,0.62,4,202,3,0,0,0,sales
0.89,0.93,3,168,2,0,0,0,sales
0.8,0.74,2,205,3,1,0,0,sales
0.66,0.96,3,175,2,0,0,0,sales
0.96,0.96,5,243,3,0,0,0,technical
0.92,0.88,4,111,4,0,0,0,technical
0.85,0.92,3,188,4,0,0,0,technical
0.85,0.9,5,247,2,0,0,0,technical
0.15,0.95,4,251,5,0,0,0,support
0.96,0.69,4,156,5,0,0,0,support
0.96,0.51,3,241,6,1,0,0,support
0.96,0.82,5,185,3,0,0,0,technical
0.67,0.7,4,222,3,0,0,0,management
0.91,0.77,4,167,3,1,0,0,IT
0.98,0.99,4,132,2,0,0,0,product_mng
0.48,0.48,2,245,5,0,0,0,product_mng
0.6,0.61,3,104,5,0,0,0,IT
0.88,0.9,4,152,4,0,0,0,RandD
0.94,0.87,4,157,3,0,0,0,technical
0.78,0.71,4,216,2,0,0,0,marketing
0.42,0.5,2,151,3,0,0,0,sales
0.51,0.79,3,137,3,0,0,0,sales
0.63,0.78,2,158,5,1,0,0,sales
0.43,0.81,3,102,3,0,0,0,sales
0.66,0.51,3,192,3,0,0,0,technical
0.47,0.49,2,112,3,1,0,0,support
0.14,0.83,6,275,6,0,0,0,technical
0.98,0.76,5,168,3,0,0,0,technical
0.91,0.75,3,166,2,0,0,0,IT
0.51,0.85,2,248,4,0,0,0,IT
0.37,0.41,6,101,3,0,0,0,product_mng
0.6,0.99,5,161,3,0,0,0,management
0.48,0.92,3,234,3,0,0,0,accounting
0.64,0.66,5,163,4,0,0,0,marketing
0.97,0.49,4,213,2,0,0,0,sales
0.75,0.93,4,195,3,0,0,0,sales
0.93,0.6,4,271,3,0,0,0,accounting
0.88,0.57,4,261,4,0,0,0,technical
0.58,0.63,4,272,3,0,0,0,technical
0.59,0.76,3,264,3,0,0,0,technical
0.74,0.44,5,169,3,1,0,0,technical
0.63,0.66,3,177,2,1,0,0,support
0.73,0.87,4,263,2,0,0,0,support
0.48,0.81,3,212,2,0,0,0,technical
0.79,0.54,6,190,4,0,0,0,management
0.7,0.76,3,173,2,0,0,0,product_mng
0.8,0.53,3,245,3,0,0,0,sales
0.92,0.58,5,205,2,1,0,0,management
0.18,0.67,5,209,4,0,0,0,sales
0.89,0.64,4,274,2,1,0,0,sales
0.75,0.95,4,177,3,0,0,0,accounting
0.55,0.81,5,229,3,0,0,0,hr
0.81,0.96,4,219,2,0,0,0,technical
0.57,0.7,3,248,2,0,0,0,technical
0.49,0.74,2,154,3,0,0,0,support
0.95,0.65,3,183,3,0,0,0,support
0.89,0.83,5,269,3,0,0,0,IT
0.7,0.47,2,176,5,0,0,0,product_mng
0.55,0.58,5,208,3,0,0,0,IT
0.64,0.53,3,216,3,0,0,0,accounting
0.27,0.61,3,213,6,0,0,0,sales
0.9,0.63,4,173,3,0,0,0,accounting
0.68,0.51,3,185,3,0,0,0,marketing
0.5,0.58,4,96,3,0,0,0,sales
0.51,0.72,3,242,3,0,0,0,technical
0.63,0.74,4,234,3,0,0,0,support
0.89,0.52,4,189,3,0,0,0,support
0.84,0.75,2,168,2,0,0,0,technical
0.88,0.71,3,184,3,0,0,0,technical
0.65,0.83,5,182,2,1,0,0,IT
0.78,0.96,3,217,3,0,0,0,marketing
0.75,1,4,222,2,1,0,0,accounting
0.23,0.87,5,258,4,1,0,0,accounting
0.71,0.81,2,182,3,0,0,0,management
0.64,0.86,4,143,2,0,0,0,support
0.73,0.67,3,208,4,0,0,0,management
0.15,0.8,5,121,5,0,0,0,sales
0.6,0.5,5,203,3,0,0,0,sales
0.81,0.77,4,239,3,0,0,0,sales
0.52,0.92,3,268,3,0,0,0,sales
0.29,0.4,4,138,4,0,0,0,sales
0.2,0.69,2,160,4,0,0,0,sales
0.48,0.99,5,180,2,0,0,0,accounting
0.64,0.74,4,157,4,0,0,0,accounting
0.22,0.84,3,131,5,1,0,0,technical
0.13,0.72,4,154,4,0,0,0,technical
0.89,0.85,3,166,3,0,0,0,support
0.12,0.65,5,262,6,0,0,0,support
0.91,0.88,5,123,5,0,0,0,IT
0.55,0.55,5,256,3,0,0,0,RandD
0.61,0.67,3,266,3,0,0,0,RandD
0.96,0.81,4,183,3,0,0,0,sales
0.9,0.59,3,247,2,0,0,0,sales
0.15,0.56,4,214,5,0,0,0,sales
0.62,0.77,3,204,4,0,0,0,sales
0.33,0.65,2,239,5,0,0,0,sales
0.88,0.5,3,142,3,0,0,0,accounting
0.96,0.8,5,195,4,1,0,0,hr
0.85,0.72,3,150,2,1,0,0,technical
0.9,0.66,4,160,2,1,0,0,support
0.6,0.56,5,268,2,0,0,0,support
0.86,0.97,4,258,3,0,0,0,technical
0.92,0.66,3,230,3,0,0,0,technical
0.23,0.51,5,139,6,0,0,0,IT
0.99,0.68,4,235,3,0,0,0,product_mng
0.57,0.54,4,210,3,0,0,0,product_mng
0.59,0.37,3,125,2,0,0,0,RandD
0.64,0.52,3,269,2,0,0,0,sales
0.5,0.85,5,249,3,1,0,0,accounting
0.97,0.55,2,267,4,0,0,0,marketing
0.88,0.81,4,235,6,0,0,0,sales
0.98,0.58,5,186,3,0,0,0,sales
0.79,0.56,4,177,3,0,0,0,sales
0.7,0.49,4,173,3,0,0,0,sales
0.76,0.73,4,148,2,1,0,0,hr
0.93,0.5,2,135,3,0,0,0,technical
0.79,0.57,4,152,3,0,0,0,technical
0.61,0.52,5,255,3,0,0,0,support
0.4,0.37,3,169,3,1,0,0,support
0.88,0.59,4,227,3,0,0,0,management
0.61,0.62,3,240,3,0,0,0,IT
0.72,0.72,5,265,3,0,0,0,RandD
0.69,0.66,4,178,3,0,0,0,RandD
0.61,0.7,4,161,3,1,0,0,management
0.99,0.89,4,254,3,1,0,0,sales
0.88,0.62,4,237,2,0,0,0,sales
0.54,0.65,3,185,2,0,0,0,accounting
0.14,0.43,2,238,3,0,0,0,hr
0.94,0.96,4,270,3,1,0,0,technical
0.93,0.61,4,205,3,0,0,0,technical
0.89,0.91,3,264,3,1,0,0,technical
0.44,0.63,3,193,3,0,0,0,technical
0.63,0.91,3,233,4,0,0,0,IT
0.98,0.89,5,181,3,0,0,0,product_mng
0.84,0.53,2,275,3,0,0,0,product_mng
0.17,0.59,6,160,2,0,0,0,IT
0.48,0.72,4,186,3,0,0,0,RandD
0.58,0.67,3,156,2,0,0,0,RandD
0.56,0.49,4,256,3,0,0,0,accounting
0.93,0.81,3,143,3,0,0,0,support
0.99,0.5,4,173,3,0,0,0,management
0.59,0.61,3,210,2,0,0,0,sales
0.66,0.95,5,206,2,0,0,0,sales
0.67,0.78,4,193,3,0,0,0,sales
0.22,0.69,3,212,3,0,0,0,sales
0.45,0.5,5,99,4,1,0,0,accounting
0.9,0.65,4,221,3,0,0,0,technical
0.99,0.98,4,169,3,1,0,0,technical
0.62,0.49,4,174,3,0,0,0,technical
0.75,0.62,5,144,3,0,0,0,technical
0.88,0.82,4,109,2,0,0,0,support
0.73,0.52,4,141,3,0,0,0,support
0.75,0.71,5,147,4,1,0,0,IT
0.55,0.4,5,219,4,0,0,0,IT
0.94,0.89,4,192,2,0,0,0,product_mng
0.59,0.53,4,213,2,0,0,0,IT
0.75,0.56,5,231,2,0,0,0,RandD
0.97,0.89,3,264,3,0,0,0,marketing
0.78,0.6,3,232,2,0,0,0,sales
0.49,0.61,3,240,3,0,0,0,sales
0.91,0.52,3,178,3,0,0,0,sales
0.81,0.54,3,215,4,1,0,0,sales
0.56,0.69,5,198,3,0,0,0,hr
0.57,1,3,241,4,0,0,0,technical
0.98,0.56,5,188,3,0,0,0,technical
0.25,0.53,4,160,4,0,0,0,technical
0.54,0.95,5,255,2,0,0,0,IT
0.86,0.63,4,244,3,0,0,0,product_mng
0.56,0.48,3,134,3,0,0,0,product_mng
0.8,0.96,4,160,4,0,0,0,IT
0.56,0.93,4,260,4,0,0,0,RandD
0.51,0.98,4,171,2,0,0,0,RandD
0.82,0.9,4,232,3,0,0,0,RandD
0.81,0.91,3,184,3,0,0,0,RandD
0.83,0.5,5,274,3,0,0,0,accounting
0.97,0.81,3,145,3,0,0,0,support
0.61,0.88,5,134,4,0,0,0,technical
0.9,1,4,218,2,0,0,0,marketing
0.82,0.77,4,152,2,1,0,0,marketing
0.33,1,2,210,3,1,0,0,sales
0.61,0.78,4,198,3,0,0,0,sales
0.27,0.85,5,142,6,0,0,0,sales
0.75,0.9,3,140,3,0,0,0,sales
0.99,0.72,3,163,3,0,0,0,sales
0.85,0.64,4,188,3,0,0,0,hr
0.97,0.78,3,268,3,1,0,0,technical
0.52,0.79,4,234,3,0,0,0,support
0.82,0.49,4,276,4,0,0,0,support
0.56,0.83,3,236,3,1,0,0,technical
0.52,0.98,4,265,3,0,0,0,product_mng
0.63,0.94,4,219,3,0,0,0,product_mng
0.59,0.74,3,240,3,0,0,0,IT
0.64,0.6,3,135,3,0,0,0,RandD
0.96,0.51,4,225,3,0,0,0,marketing
0.75,0.92,3,211,3,0,0,0,sales
0.41,0.68,3,191,4,0,0,0,sales
0.6,0.49,3,239,2,0,0,0,sales
0.95,0.54,4,235,4,0,0,0,sales
0.83,0.71,3,234,4,0,0,0,accounting
0.85,0.66,4,155,4,0,0,0,hr
0.76,0.7,3,136,2,0,0,0,hr
0.91,0.78,3,269,3,1,0,0,technical
0.22,0.54,6,169,4,0,0,0,technical
0.13,0.76,5,219,4,0,0,0,technical
0.53,0.96,4,272,2,0,0,0,support
0.54,0.76,4,244,2,0,0,0,support
0.37,0.72,3,169,2,1,0,0,support
0.16,0.83,5,173,4,0,0,0,IT
0.18,0.54,4,145,5,0,0,0,RandD
0.44,0.61,5,230,6,0,0,0,marketing
0.94,0.8,4,266,3,1,0,0,support
0.9,0.88,5,254,2,0,0,0,marketing
0.71,0.9,3,138,3,0,0,0,marketing
0.95,0.48,4,228,2,0,0,0,sales
0.88,0.65,5,228,3,0,0,0,sales
0.89,0.51,4,185,3,1,0,0,sales
0.57,0.91,3,193,2,0,0,0,sales
0.65,0.89,5,223,3,1,0,0,accounting
0.14,0.66,5,281,4,1,0,0,accounting
0.98,0.91,3,165,2,1,0,0,hr
0.52,0.96,3,271,3,1,0,0,technical
0.62,0.69,4,184,3,0,0,0,technical
0.6,0.8,4,253,2,0,0,0,technical
0.97,0.93,3,153,2,0,0,0,technical
0.74,0.83,4,210,3,0,0,0,support
0.67,0.49,3,185,3,0,0,0,support
0.97,0.83,3,238,2,0,0,0,support
0.55,0.87,3,201,2,0,0,0,technical
0.87,0.64,5,234,2,1,0,0,IT
0.14,0.73,6,237,5,0,0,0,IT
0.41,0.63,2,145,2,0,0,0,product_mng
0.94,0.69,5,145,2,0,0,0,product_mng
0.6,0.86,6,247,6,0,0,0,product_mng
0.29,0.91,4,183,4,0,0,0,RandD
0.59,0.97,3,257,3,0,0,0,marketing
0.84,0.93,3,159,3,0,0,0,sales
0.83,0.95,3,264,2,0,0,0,marketing
0.72,0.61,3,175,3,0,0,0,sales
0.92,0.83,4,268,4,0,0,0,sales
0.95,0.53,3,264,3,0,0,0,sales
0.24,0.62,5,199,4,0,0,0,sales
0.94,0.86,3,221,3,1,0,0,sales
0.38,0.52,2,171,3,0,0,0,accounting
0.48,0.53,3,211,4,0,0,0,technical
0.5,0.75,3,204,2,0,0,0,technical
0.91,0.75,4,159,3,1,0,0,support
0.9,0.74,3,193,3,0,0,0,technical
0.7,0.6,5,208,3,0,0,0,management
0.87,0.48,4,264,3,0,0,0,IT
0.53,0.51,3,274,2,1,0,0,product_mng
0.71,0.72,3,271,2,0,0,0,support
0.71,0.68,5,226,3,0,0,0,technical
0.61,0.73,5,156,4,0,0,0,sales
0.84,0.54,3,245,3,0,0,0,sales
0.58,0.38,4,203,5,0,0,0,sales
0.77,0.83,3,175,3,0,0,1,sales
0.63,0.75,4,175,4,0,0,0,hr
0.58,0.48,3,135,3,1,0,0,hr
0.73,0.67,4,205,3,0,0,0,technical
0.67,0.87,5,254,2,0,0,0,support
0.2,0.94,6,191,5,0,0,0,support
0.92,0.98,3,149,3,0,0,0,support
0.89,0.91,3,233,2,0,0,0,IT
0.52,0.57,3,270,3,0,0,0,RandD
0.81,0.77,5,251,2,0,0,0,sales
0.13,0.61,5,198,5,0,0,0,sales
0.58,0.97,3,274,4,1,0,1,sales
0.91,0.74,3,150,2,0,0,0,accounting
0.76,0.79,5,187,4,0,0,0,hr
0.49,0.67,3,140,2,0,0,0,hr
0.88,0.72,5,244,2,0,0,0,technical
0.52,0.43,3,176,3,0,0,0,support
0.89,0.74,5,260,6,0,0,0,technical
0.67,0.63,3,227,3,0,0,0,technical
0.37,0.86,6,260,3,0,0,0,technical
0.93,0.61,5,158,3,0,0,0,management
0.54,0.73,3,157,3,0,0,0,RandD
0.78,0.55,3,143,3,0,0,0,RandD
0.8,0.71,4,161,4,0,0,0,IT
0.79,0.82,4,220,3,0,0,0,sales
0.67,0.68,4,171,3,0,0,0,sales
0.3,0.58,2,189,4,1,0,0,accounting
0.61,0.52,3,224,3,0,0,0,hr
0.66,0.58,3,157,2,0,0,0,support
0.86,0.91,4,253,3,0,0,0,IT
0.59,0.48,3,197,3,0,0,0,product_mng
0.69,0.88,3,164,10,0,0,0,management
0.94,0.49,4,176,8,0,0,0,management
0.86,0.82,4,212,2,0,0,0,product_mng
0.45,0.63,5,111,5,0,0,0,management
0.16,0.61,6,269,2,0,0,0,accounting
0.85,0.87,6,232,5,0,0,0,management
0.87,0.6,5,165,2,1,0,0,marketing
0.75,0.51,2,215,2,1,0,0,sales
0.13,0.97,4,162,6,0,0,0,sales
0.89,0.97,4,147,2,0,0,0,technical
0.77,0.87,3,275,4,1,0,0,support
0.8,0.74,3,228,3,0,0,0,technical
0.17,0.36,6,191,2,0,0,0,product_mng
0.57,0.39,4,132,3,0,0,0,product_mng
0.82,0.91,5,271,2,0,0,1,RandD
0.84,0.75,4,135,3,0,0,1,RandD
0.8,0.75,4,224,3,0,0,1,sales
0.75,0.6,4,186,10,1,0,0,marketing
0.47,0.79,3,284,10,0,0,0,sales
0.56,0.87,3,146,10,0,0,0,sales
0.84,0.85,4,207,10,0,0,0,sales
0.94,0.51,3,242,3,0,0,0,sales
0.49,0.65,4,233,7,0,0,0,sales
0.6,0.54,4,182,6,0,0,0,sales
0.96,0.48,3,202,6,0,0,0,technical
0.97,0.84,4,177,6,0,0,0,technical
0.97,0.66,5,234,6,0,0,0,technical
0.71,0.54,4,188,6,0,0,0,technical
0.63,0.61,5,186,10,0,0,0,technical
0.99,0.84,4,142,10,0,0,0,technical
0.7,0.85,4,142,2,0,0,0,support
0.82,0.82,3,164,3,0,0,0,technical
0.48,0.81,4,149,2,0,0,0,management
0.69,0.56,4,149,3,0,0,0,IT
0.5,0.77,3,265,3,0,0,0,IT
0.24,0.94,6,144,4,0,0,0,product_mng
0.99,0.66,3,181,2,0,0,0,IT
0.18,0.75,3,142,2,0,0,0,product_mng
0.49,0.77,3,211,3,0,0,0,IT
0.66,0.57,4,161,7,0,0,1,management
0.48,0.84,4,186,7,0,0,1,management
0.61,0.42,2,103,8,0,0,0,marketing
0.76,0.82,4,170,6,0,0,0,sales
0.29,0.37,6,187,10,1,0,0,sales
0.91,0.64,3,241,10,0,0,0,sales
0.97,0.62,6,118,2,0,0,0,accounting
0.72,0.62,3,243,2,1,0,0,hr
0.55,0.4,3,158,3,0,0,0,hr
0.24,0.63,4,203,5,0,0,0,technical
0.78,0.77,3,244,2,0,0,0,technical
0.78,0.68,2,159,3,1,0,0,support
0.84,0.56,5,224,2,0,0,0,support
0.53,0.37,3,180,3,0,0,0,support
0.76,0.81,4,242,2,0,0,0,IT
0.8,0.67,3,178,3,0,0,0,IT
0.64,0.52,5,258,10,1,0,0,management
0.75,0.59,5,149,4,0,0,0,sales
0.86,0.84,3,177,3,0,0,0,sales
0.21,0.43,5,175,2,1,0,0,sales
0.94,0.59,3,151,2,0,0,0,sales
0.98,0.89,4,218,2,0,0,0,sales
0.24,0.62,6,225,6,0,0,0,sales
0.67,0.4,4,274,3,0,0,0,sales
0.67,0.67,4,141,2,1,0,0,sales
0.92,0.6,4,161,3,0,0,0,IT
0.43,0.46,2,186,2,0,0,0,product_mng
0.16,0.42,3,182,3,1,0,0,product_mng
0.33,0.97,5,130,4,0,0,0,management
0.15,0.75,3,150,4,0,0,1,accounting
0.69,0.58,4,149,3,0,0,1,marketing
0.75,0.99,2,237,5,1,0,0,product_mng
0.77,0.98,3,286,6,0,0,0,management
0.84,0.8,4,236,3,0,0,0,marketing
0.77,0.71,5,250,3,1,0,0,sales
0.77,0.99,4,260,3,0,0,0,sales
0.69,0.48,5,232,4,0,0,0,sales
0.58,0.8,4,113,3,0,0,0,IT
0.5,0.77,3,267,2,0,0,0,management
0.74,0.77,3,211,3,0,0,0,management
0.82,0.51,2,268,2,0,0,0,management
0.55,0.64,3,178,2,0,0,1,sales
0.68,0.4,3,213,5,1,0,1,sales
0.55,0.67,3,150,2,0,0,1,sales
0.28,0.59,6,281,3,0,0,0,product_mng
0.57,0.78,3,134,3,0,0,0,RandD
0.51,0.8,5,268,3,0,0,0,RandD
0.78,0.65,3,139,3,0,0,0,marketing
0.71,0.53,4,196,2,1,0,0,sales
0.68,0.99,3,159,2,0,0,0,accounting
0.7,0.53,3,215,7,1,0,0,technical
0.61,0.88,5,146,7,1,0,0,marketing
0.49,0.36,2,192,3,0,0,0,sales
0.55,0.52,4,168,8,0,0,0,support
0.47,0.43,4,246,3,0,0,0,support
0.71,0.97,5,208,8,1,0,0,management
0.49,0.54,4,215,4,0,0,0,IT
0.81,0.47,4,153,7,0,0,0,product_mng
0.63,0.6,4,258,3,0,0,0,sales
0.96,0.97,6,137,10,0,0,0,sales
0.97,0.51,5,215,7,0,0,0,management
0.65,0.74,4,233,4,1,0,0,management
0.18,0.49,3,240,2,1,0,0,marketing
0.15,0.6,5,188,7,0,0,0,sales
0.99,0.94,5,151,3,0,0,0,product_mng
0.95,0.75,4,151,3,0,0,0,product_mng
0.5,0.49,4,222,3,0,0,0,management
0.77,0.68,3,214,8,1,0,0,management
0.65,0.52,2,117,10,1,0,0,support
0.58,0.99,3,207,10,0,0,0,technical
0.56,0.85,3,265,10,1,0,0,management
0.25,0.72,5,279,8,0,0,0,marketing
0.72,0.75,4,211,4,0,0,0,sales
0.77,0.48,5,262,7,0,0,0,IT
0.72,0.66,4,184,3,0,0,0,management
0.77,0.73,3,201,10,0,0,0,management
0.91,0.61,4,135,10,0,0,0,accounting
0.22,0.7,4,159,5,0,0,0,management
0.69,0.65,3,153,2,0,0,0,marketing
0.9,0.85,3,158,7,0,0,0,marketing
0.56,0.71,5,244,3,0,0,0,product_mng
0.63,0.52,5,209,8,1,0,0,RandD
0.98,0.99,4,261,10,1,0,0,sales
0.62,0.73,3,144,10,1,0,0,support
0.17,0.61,6,154,10,1,0,0,sales
0.96,0.6,3,160,10,0,0,0,support
0.94,0.9,4,144,4,0,0,0,support
0.22,0.62,3,180,3,0,0,0,support
0.7,0.88,3,159,2,0,0,0,IT
0.87,0.9,3,174,2,0,0,0,IT
0.2,0.53,5,272,5,0,0,0,product_mng
0.75,0.66,5,234,2,0,0,0,management
0.54,0.63,4,140,3,0,0,0,sales
0.63,0.85,4,182,3,1,0,0,sales
0.98,0.74,4,151,3,0,0,0,sales
0.16,0.95,6,117,7,0,0,0,sales
0.54,0.78,3,156,7,0,0,0,sales
0.57,0.82,5,233,7,0,0,1,sales
0.91,0.58,3,220,7,0,0,1,sales
0.79,0.86,5,238,8,0,0,0,sales
0.8,0.84,4,242,2,1,0,0,marketing
0.53,0.91,4,167,4,0,0,0,management
0.98,0.91,3,188,4,0,0,0,accounting
0.97,0.61,4,262,3,1,0,1,marketing
0.67,0.91,2,245,2,1,0,1,sales
0.9,0.56,3,151,3,0,0,0,sales
0.9,0.73,4,245,2,0,0,0,sales
0.16,0.93,6,218,6,1,0,0,product_mng
0.63,0.7,5,160,3,0,0,0,management
0.2,0.78,4,196,3,0,0,0,management
0.53,0.64,3,168,3,0,0,0,sales
0.78,0.9,5,158,3,0,0,0,sales
0.74,0.87,5,224,2,0,0,0,support
0.56,0.59,3,223,3,0,0,0,support
0.61,0.49,3,275,2,0,0,0,product_mng
0.71,0.68,3,231,2,1,0,0,product_mng
0.6,0.42,2,109,6,0,0,0,sales
0.24,0.88,5,199,5,1,0,0,sales
0.16,0.68,5,149,7,1,0,0,sales
0.37,0.72,3,183,2,0,0,0,sales
0.19,0.61,4,127,8,0,0,0,sales
0.92,0.44,3,260,8,0,0,0,sales
0.82,0.76,3,219,8,1,0,0,IT
0.8,0.93,3,225,4,0,0,0,product_mng
0.82,0.84,3,194,3,0,0,0,product_mng
0.15,0.74,6,144,7,0,0,1,management
0.63,0.94,3,172,3,0,0,0,management
0.71,0.69,4,222,4,0,0,0,sales
0.57,0.64,4,226,7,0,0,0,sales
0.9,0.48,4,136,7,0,0,0,IT
0.82,0.8,5,205,3,0,0,0,IT
0.85,0.89,4,150,3,0,0,0,accounting
0.49,0.71,4,178,8,0,0,0,IT
0.62,0.72,3,149,3,1,0,0,marketing
0.48,0.5,5,142,4,0,0,0,IT
0.92,0.85,5,259,5,0,1,0,sales
0.78,0.99,4,255,6,0,1,0,sales
0.09,0.95,6,304,4,0,1,0,sales
0.4,0.49,2,135,3,0,1,0,sales
0.38,0.5,2,132,3,0,1,0,accounting
0.09,0.62,6,294,4,0,1,0,accounting
0.38,0.46,2,137,3,0,1,0,technical
0.11,0.89,6,306,4,0,1,0,technical
0.87,0.88,5,269,5,0,1,0,technical
0.57,0.7,3,273,6,0,1,0,support
0.38,0.55,2,134,3,0,1,0,support
0.1,0.92,7,307,4,0,1,0,support
0.38,0.54,2,128,3,0,1,0,technical
0.36,0.56,2,132,3,0,1,0,IT
0.45,0.54,2,140,3,0,1,0,support
0.38,0.49,2,151,3,0,1,0,technical
0.79,0.59,4,139,3,0,1,1,management
0.1,0.79,6,291,4,0,1,0,sales
0.36,0.52,2,147,3,0,1,0,sales
0.44,0.5,2,148,3,0,1,0,accounting
0.71,0.87,3,177,4,0,1,0,hr
0.43,0.47,2,144,3,0,1,0,hr
0.11,0.84,6,251,4,0,1,0,technical
0.37,0.57,2,133,3,0,1,0,technical
0.4,0.46,2,135,3,0,1,0,technical
0.11,0.84,6,300,5,1,1,0,support
0.09,0.82,6,250,4,0,1,0,support
0.37,0.45,2,151,3,0,1,0,support
0.31,0.84,7,133,5,0,1,0,technical
0.42,0.48,2,129,3,0,1,0,management
0.09,0.96,6,245,4,0,1,0,IT
0.84,0.99,4,267,5,0,1,0,product_mng
0.37,0.52,2,143,3,0,1,0,marketing
0.9,0.99,5,260,5,0,1,0,sales
0.81,0.99,4,259,5,0,1,0,sales
0.11,0.85,6,308,5,0,1,0,sales
0.4,0.46,2,127,3,0,1,0,hr
0.09,0.85,6,297,4,0,1,0,hr
0.37,0.55,2,152,3,0,1,0,technical
0.09,0.82,6,249,4,0,1,0,technical
0.39,0.5,2,135,3,0,1,0,support
0.38,0.5,2,153,3,0,1,0,support
0.4,0.53,2,151,3,0,1,0,IT
0.36,0.51,2,155,3,0,1,0,IT
0.43,0.53,2,131,3,0,1,0,IT
0.4,0.56,2,149,3,0,1,0,accounting
0.9,0.97,4,258,5,0,1,0,accounting
0.85,0.95,5,236,5,0,1,0,hr
0.92,0.99,5,255,6,0,1,0,sales
0.43,0.45,2,135,3,0,1,0,marketing
0.46,0.46,2,154,3,0,1,0,accounting
0.44,0.56,2,131,3,0,1,0,hr
0.11,0.84,6,251,4,0,1,0,technical
0.38,0.47,2,144,3,0,1,0,support
0.82,0.91,5,232,5,0,1,0,technical
0.87,0.84,5,231,5,0,1,0,IT
0.1,0.93,6,253,4,0,1,0,IT
0.45,0.55,2,151,3,0,1,0,IT
0.89,0.87,5,255,5,0,1,0,RandD
0.41,0.48,2,145,3,0,1,0,accounting
0.11,0.95,7,300,4,0,1,0,management
0.43,0.47,2,135,3,0,1,0,sales
0.41,0.52,2,135,3,0,1,0,sales
0.11,0.85,7,302,4,0,1,0,sales
0.41,0.56,2,143,3,0,1,0,technical
0.33,0.88,6,219,5,0,1,0,support
0.31,0.62,6,135,5,0,1,0,support
0.4,0.5,2,141,3,1,1,0,technical
0.73,0.99,5,262,5,0,1,0,product_mng
0.77,0.93,4,231,5,0,1,0,hr
0.44,0.45,2,156,3,0,1,0,hr
0.38,0.46,2,145,3,0,1,0,hr
0.38,0.51,2,159,3,0,1,0,sales
0.1,0.97,6,247,4,0,1,0,management
0.45,0.46,2,128,3,0,1,0,sales
0.09,0.79,6,293,5,0,1,0,sales
0.82,0.98,4,233,5,0,1,0,sales
0.42,0.53,3,199,4,0,1,0,technical
0.1,0.94,6,287,4,0,1,0,technical
0.1,0.84,6,309,4,0,1,0,support
0.43,0.53,2,160,3,0,1,0,support
0.36,0.78,2,151,4,0,1,0,technical
0.81,0.92,5,239,5,0,1,0,product_mng
0.1,0.87,6,286,4,0,1,0,IT
0.77,1,4,255,5,0,1,0,RandD
0.82,0.98,5,234,5,0,1,0,marketing
0.09,0.95,6,292,4,0,1,0,sales
0.44,0.53,2,149,3,0,1,0,sales
0.1,0.83,7,276,4,0,1,0,accounting
0.82,0.99,4,263,6,0,1,0,technical
0.89,0.95,2,181,5,0,1,0,technical
0.66,0.57,5,161,5,0,1,0,technical
0.11,0.97,6,289,5,0,1,0,support
0.44,0.48,2,146,3,0,1,0,support
0.83,0.96,5,275,5,0,1,0,support
0.09,0.86,7,309,4,0,1,0,technical
0.75,0.99,5,221,5,0,1,0,product_mng
0.09,0.9,7,289,4,0,1,0,product_mng
0.4,0.56,2,137,3,0,1,0,accounting
0.11,0.85,6,305,4,0,1,0,accounting
0.81,0.87,4,254,5,0,1,0,marketing
0.82,0.85,5,248,5,0,1,0,sales
0.43,0.53,2,150,3,0,1,0,sales
0.1,0.9,7,281,4,0,1,0,sales
0.09,0.86,6,279,4,0,1,0,sales
0.1,0.97,6,282,4,0,1,0,hr
0.44,0.51,2,134,3,0,1,0,hr
0.44,0.52,2,137,3,0,1,0,technical
0.75,0.97,5,243,6,0,1,0,technical
0.41,0.56,2,154,3,0,1,1,support
0.46,0.57,2,152,3,0,1,0,support
0.37,0.54,2,132,3,0,1,0,technical
0.86,0.84,5,222,5,0,1,0,IT
0.11,0.9,6,263,4,0,1,0,IT
0.37,0.46,2,157,3,0,1,0,IT
0.86,0.92,5,252,5,0,1,0,RandD
0.39,0.53,2,127,3,0,1,0,sales
0.43,0.52,2,147,3,0,1,0,sales
0.73,0.97,5,235,5,0,1,0,hr
0.37,0.47,2,148,3,0,1,0,hr
0.51,0.83,5,249,4,0,1,0,technical
0.45,0.54,2,129,3,0,1,0,technical
0.1,0.89,7,308,4,0,1,0,technical
0.77,1,4,232,5,0,1,0,technical
0.38,0.53,2,146,3,0,1,0,support
0.75,0.85,5,267,5,0,1,0,support
0.73,0.89,5,236,6,0,1,0,product_mng
0.43,0.47,2,158,3,0,1,0,product_mng
0.1,0.83,6,269,4,0,1,0,IT
0.11,0.87,7,278,4,0,1,0,sales
0.79,0.84,4,240,5,0,1,0,sales
0.09,0.82,6,257,4,0,1,0,accounting
0.36,0.49,2,145,3,0,1,0,technical
0.1,0.83,6,278,4,0,1,0,marketing
0.78,0.71,3,249,5,0,1,0,marketing
0.38,0.45,2,156,3,0,1,0,sales
0.46,0.54,2,143,3,0,1,0,sales
0.45,0.5,2,147,3,0,1,0,sales
0.43,0.47,2,131,3,0,1,0,accounting
0.91,1,5,244,6,0,1,0,hr
0.45,0.56,2,146,3,0,1,0,technical
0.42,0.56,2,143,3,0,1,0,support
0.11,0.85,7,275,4,0,1,0,support
0.5,0.54,5,153,4,0,1,0,support
0.36,0.5,2,132,3,0,1,0,management
0.86,0.84,4,246,6,0,1,0,IT
0.38,0.55,2,151,3,0,1,0,sales
0.1,0.9,7,290,4,0,1,0,sales
0.41,0.47,2,131,3,0,1,0,marketing
0.44,0.54,2,127,3,0,1,0,management
0.1,0.86,6,309,4,0,1,0,sales
0.11,0.9,7,247,4,0,1,0,sales
0.91,0.96,4,232,5,0,1,0,sales
0.61,0.96,3,247,3,0,0,0,support
0.79,0.77,3,201,6,1,0,0,support
0.75,0.83,3,146,3,0,0,0,support
0.81,0.64,4,213,3,0,0,0,support
0.59,0.72,4,168,4,0,0,0,management
0.78,0.7,4,139,3,0,0,0,IT
0.75,0.59,3,117,3,1,0,0,RandD
0.19,0.58,4,173,5,0,0,0,accounting
0.99,0.55,3,170,3,0,0,0,marketing
0.92,0.64,4,259,2,0,0,0,sales
0.39,0.37,5,156,4,0,0,0,sales
0.95,0.54,4,235,4,0,0,0,sales
0.56,0.99,4,230,3,0,0,0,sales
0.91,0.78,3,269,3,1,0,0,technical
0.99,0.81,3,183,2,0,0,0,technical
0.96,0.85,5,168,2,0,0,0,support
0.63,0.78,4,275,3,0,0,0,support
0.83,0.74,4,249,2,0,0,0,support
0.49,0.37,5,246,3,0,0,0,support
0.54,0.76,4,244,2,0,0,0,support
0.93,0.56,5,140,3,0,0,0,technical
0.72,0.79,3,221,3,0,0,0,product_mng
0.73,0.48,4,139,2,0,0,0,RandD
0.62,0.95,4,140,2,0,0,0,accounting
0.76,0.74,4,261,3,0,0,0,technical
0.9,0.88,5,254,2,0,0,0,marketing
1,0.93,5,231,2,0,0,0,marketing
0.96,0.55,3,225,4,1,0,0,sales
0.57,0.91,3,193,2,0,0,0,sales
0.71,0.59,4,143,2,0,0,0,hr
0.96,0.49,5,137,3,0,0,0,hr
0.63,0.9,4,245,3,0,0,0,technical
0.68,0.84,3,270,3,0,0,0,support
0.6,0.86,6,247,6,0,0,0,product_mng
0.73,0.99,3,241,3,0,0,0,RandD
0.51,0.52,5,261,3,1,0,0,RandD
0.94,0.52,4,217,6,1,0,0,support
0.49,0.59,4,137,4,0,0,0,technical
0.87,0.94,4,189,3,0,0,1,sales
0.78,0.6,4,206,3,0,0,0,sales
0.38,0.52,2,171,3,0,0,0,accounting
0.8,0.77,4,194,3,0,0,0,accounting
0.61,0.42,3,104,2,0,0,0,hr
0.44,0.37,2,219,2,0,0,0,technical
0.95,0.67,4,261,3,0,0,0,technical
0.51,0.74,6,98,3,0,0,0,support
0.83,0.73,4,247,2,0,0,0,support
0.7,0.6,5,208,3,0,0,0,management
0.87,0.72,2,154,3,0,0,0,IT
0.47,0.53,3,111,4,0,0,0,RandD
0.51,0.86,4,260,3,1,0,0,marketing
0.5,0.81,3,170,2,0,0,0,sales
0.78,0.4,4,145,5,1,0,1,sales
0.73,0.69,3,228,2,0,0,1,sales
0.8,0.72,4,173,3,0,0,0,accounting
0.52,0.98,5,217,2,1,0,0,technical
0.76,0.57,3,148,3,1,0,0,support
0.64,0.91,3,165,3,1,0,0,support
0.59,0.97,5,179,6,0,0,0,support
0.92,0.98,3,149,3,0,0,0,support
0.69,0.74,5,227,2,0,0,0,technical
1,0.73,5,189,3,1,0,0,product_mng
0.13,0.61,5,198,5,0,0,0,sales
0.75,0.63,4,209,3,0,0,1,sales
0.52,0.63,3,233,3,0,0,1,sales
0.92,0.66,4,113,3,0,0,0,technical
0.65,0.79,5,233,3,0,0,0,support
0.66,0.89,4,169,4,0,0,0,support
0.16,0.61,4,171,6,0,0,0,IT
0.81,0.55,3,199,2,1,0,0,IT
0.77,0.59,4,273,2,0,0,0,IT
0.43,0.51,5,168,4,0,0,0,product_mng
0.82,0.59,5,170,3,0,0,0,product_mng
0.81,0.55,4,217,8,0,0,0,accounting
0.62,0.91,3,269,8,0,0,0,support
0.51,0.8,4,198,6,0,0,0,marketing
0.64,0.56,3,257,6,0,0,0,marketing
0.73,0.61,4,260,2,1,0,0,sales
0.95,0.9,3,155,3,0,0,0,technical
0.72,0.54,4,219,2,0,0,0,technical
0.95,0.53,3,174,3,0,0,0,support
0.94,0.95,5,170,3,0,0,0,support
0.14,0.56,5,259,4,1,0,0,IT
0.97,0.57,4,150,2,0,0,0,IT
0.73,0.84,3,216,8,0,0,0,management
0.48,0.74,2,271,8,1,0,0,management
0.94,0.49,4,176,8,0,0,0,management
0.93,0.94,4,233,6,0,0,0,IT
0.57,0.67,3,138,6,1,0,0,IT
0.9,0.49,3,259,6,0,0,0,IT
0.72,0.98,4,156,3,0,0,0,product_mng
0.87,0.52,4,140,3,0,0,0,product_mng
0.87,0.92,4,263,3,0,0,0,management
0.29,0.38,5,191,5,0,0,0,management
0.57,0.64,3,188,3,0,0,0,management
0.85,0.87,6,232,5,0,0,0,management
0.49,1,2,125,4,1,0,0,sales
0.43,0.74,4,129,6,0,0,0,hr
0.62,0.84,3,270,6,0,0,0,hr
0.74,1,4,192,4,0,0,0,technical
0.56,0.94,3,154,3,1,0,0,support
0.57,0.59,4,250,2,0,0,0,support
0.69,0.82,4,252,3,1,0,0,IT
0.77,0.75,4,191,3,0,0,0,IT
0.17,0.36,6,191,2,0,0,0,product_mng
0.93,0.98,3,241,3,0,0,0,IT
0.61,0.96,3,214,2,0,0,0,IT
0.65,0.9,6,217,4,1,0,1,RandD
0.92,0.93,4,225,2,0,0,1,RandD
0.37,0.41,2,113,3,0,0,1,RandD
0.82,0.91,5,271,2,0,0,1,RandD
0.84,0.75,4,135,3,0,0,1,RandD
0.75,0.6,4,186,10,1,0,0,marketing
0.61,0.89,3,242,10,0,0,0,sales
0.47,0.79,3,284,10,0,0,0,sales
0.56,0.87,3,146,10,0,0,0,sales
0.49,0.65,4,233,7,0,0,0,sales
0.93,0.73,4,283,7,0,0,0,sales
0.55,0.4,3,139,8,0,0,1,hr
0.97,0.84,4,177,6,0,0,0,technical
0.82,0.49,5,203,6,0,0,0,technical
0.63,0.61,5,186,10,0,0,0,technical
0.79,0.83,3,126,10,1,0,0,support
0.24,0.5,4,282,4,1,0,0,support
0.78,0.89,4,272,2,0,0,0,support
0.62,0.79,3,259,3,0,0,0,support
0.4,0.89,2,165,3,0,0,0,IT
0.24,0.94,6,144,4,0,0,0,product_mng
0.67,0.64,3,198,2,1,0,0,management
0.7,0.62,3,110,3,0,0,0,product_mng
0.66,0.57,4,161,7,0,0,1,management
0.57,0.7,4,237,6,0,0,0,accounting
0.66,0.85,3,178,8,1,0,0,marketing
0.64,0.67,3,143,6,0,0,0,sales
0.57,0.9,5,145,3,0,0,0,accounting
0.78,0.77,3,244,2,0,0,0,technical
0.84,0.56,5,224,2,0,0,0,support
0.82,0.71,3,150,3,0,0,0,support
0.59,0.64,5,269,3,0,0,0,support
0.5,0.52,2,178,2,0,0,0,support
1,0.74,2,187,3,0,0,0,support
0.79,0.73,2,147,2,0,0,0,technical
0.69,0.72,4,185,10,1,0,0,management
0.51,0.73,4,229,3,0,0,0,sales
0.62,0.97,2,271,3,0,0,0,sales
0.73,0.77,3,233,3,0,0,0,sales
0.76,0.8,5,217,2,0,0,0,sales
0.85,0.49,4,139,2,0,0,0,sales
0.86,0.84,3,177,3,0,0,0,sales
0.95,0.52,3,183,2,1,0,0,sales
0.95,0.5,4,259,3,0,0,0,sales
0.24,0.62,6,225,6,0,0,0,sales
0.92,0.6,4,161,3,0,0,0,IT
0.98,0.68,5,171,3,0,0,0,management
0.33,0.97,5,130,4,0,0,0,management
0.84,0.53,3,210,4,1,0,0,marketing
0.51,0.97,4,258,2,0,0,0,sales
0.67,0.69,3,231,3,0,0,1,technical
0.69,0.58,4,149,3,0,0,1,marketing
0.82,0.71,2,209,5,0,0,1,marketing
0.87,0.87,5,207,2,0,0,0,sales
0.16,0.72,3,203,3,0,0,0,sales
0.78,0.96,3,202,4,1,0,0,marketing
0.77,0.71,5,250,3,1,0,0,sales
0.89,0.63,4,270,3,1,0,0,sales
0.57,0.46,3,186,3,1,0,0,IT
0.74,0.77,3,211,3,0,0,0,management
0.2,0.59,6,113,3,0,0,0,management
0.71,0.37,2,179,5,0,0,1,support
0.57,0.85,4,250,3,1,0,1,marketing
0.5,0.53,3,142,3,1,0,0,product_mng
0.57,0.78,3,134,3,0,0,0,RandD
0.51,0.8,5,268,3,0,0,0,RandD
0.83,0.73,4,157,2,0,0,0,RandD
0.87,0.97,5,151,3,0,0,0,RandD
0.78,0.65,3,139,3,0,0,0,marketing
0.71,0.53,4,196,2,1,0,0,sales
0.77,0.75,3,170,7,0,0,0,sales
0.39,0.52,2,102,8,0,0,0,technical
0.77,0.63,4,236,7,0,0,0,IT
0.96,0.55,3,164,3,0,0,0,sales
0.97,0.54,3,154,8,1,0,0,sales
0.72,0.92,3,242,8,0,0,0,sales
0.24,0.81,6,263,7,0,0,0,management
0.49,0.52,4,161,7,0,0,0,management
0.91,0.75,2,147,3,0,0,0,marketing
0.59,0.59,4,197,7,0,0,0,IT
0.5,0.49,4,222,3,0,0,0,management
0.25,0.72,5,279,8,0,0,0,marketing
0.87,0.89,4,225,8,0,0,0,marketing
0.72,0.75,4,211,4,0,0,0,sales
0.66,0.95,5,192,7,0,0,0,sales
0.97,0.64,4,238,10,1,0,0,product_mng
0.94,0.64,5,247,10,0,0,0,sales
0.69,0.65,3,153,2,0,0,0,marketing
0.9,0.85,3,158,7,0,0,0,marketing
0.91,0.77,3,195,7,0,0,0,sales
0.61,0.77,5,232,7,0,0,0,sales
0.87,0.73,5,184,3,0,0,0,product_mng
0.56,0.71,5,244,3,0,0,0,product_mng
0.66,0.78,4,161,6,0,0,0,IT
0.15,0.81,5,280,3,1,0,0,RandD
0.62,0.82,3,204,10,0,0,0,accounting
0.93,0.6,3,188,3,0,0,0,marketing
0.17,0.61,6,154,10,1,0,0,sales
0.59,0.69,3,200,3,0,0,0,sales
0.36,0.41,3,167,10,0,0,0,support
0.22,0.62,3,180,3,0,0,0,support
0.7,0.58,5,168,3,0,0,0,management
0.7,0.88,3,159,2,0,0,0,IT
0.2,0.53,5,272,5,0,0,0,product_mng
0.75,0.66,5,234,2,0,0,0,management
0.63,0.98,4,187,3,0,0,0,management
0.77,0.58,4,202,3,0,0,0,sales
0.55,0.45,3,179,2,1,0,0,sales
0.31,0.63,3,150,3,1,0,0,sales
0.98,0.74,4,151,3,0,0,0,sales
0.73,0.48,3,211,7,0,0,0,sales
0.16,0.63,6,286,7,0,0,1,sales
0.57,0.82,5,233,7,0,0,1,sales
0.95,0.81,4,258,7,0,0,1,sales
0.74,0.74,5,160,3,1,0,0,sales
0.9,0.58,3,244,8,0,0,0,sales
0.92,0.63,5,224,8,1,0,0,sales
0.48,0.7,3,213,10,0,0,0,sales
0.99,0.92,4,265,4,1,0,0,product_mng
0.44,0.44,2,141,7,1,0,1,management
0.92,0.64,4,190,10,1,0,0,management
0.84,0.5,4,178,2,0,0,0,sales
0.82,0.67,4,156,3,0,0,0,product_mng
0.53,0.91,4,167,4,0,0,0,management
0.9,0.54,4,172,4,0,0,0,sales
0.64,0.55,3,246,2,0,0,1,marketing
0.67,0.91,2,245,2,1,0,1,sales
0.64,0.94,4,210,3,0,0,0,product_mng
0.68,0.79,4,184,3,0,0,0,marketing
0.66,0.6,3,210,2,0,0,0,sales
0.61,0.61,4,246,2,0,0,0,accounting
0.49,0.62,4,161,2,0,0,0,IT
0.62,0.76,5,198,3,0,0,0,sales
0.2,0.78,4,196,3,0,0,0,management
0.92,0.94,2,224,2,0,0,0,sales
0.67,0.97,4,196,3,0,0,0,support
0.86,0.83,4,208,3,1,0,0,IT
0.61,0.49,3,275,2,0,0,0,product_mng
0.7,0.54,3,194,2,1,0,0,IT
0.82,0.76,4,266,3,0,0,1,management
0.66,0.96,3,243,3,1,0,0,sales
0.85,0.58,4,186,7,0,0,0,sales
0.96,0.68,3,206,3,0,0,0,sales
0.86,0.72,3,217,3,0,0,0,sales
0.82,0.76,3,219,8,1,0,0,IT
0.5,0.86,3,180,7,0,0,1,management
0.15,0.74,6,144,7,0,0,1,management
0.53,0.74,3,172,10,0,0,1,management
0.85,0.9,3,245,3,0,0,0,marketing
0.71,0.69,4,222,4,0,0,0,sales
0.52,0.62,5,239,2,0,0,0,sales
0.48,0.72,3,143,4,0,0,0,sales
0.82,0.67,3,198,3,1,0,0,product_mng
0.92,0.64,2,104,7,0,0,0,product_mng
0.6,0.85,3,242,2,0,0,0,IT
0.49,0.71,4,178,8,0,0,0,IT
0.82,0.58,5,263,8,0,0,0,IT
0.9,0.82,3,133,8,0,0,0,marketing
0.62,0.72,3,149,3,1,0,0,marketing
0.61,0.68,3,193,2,0,0,0,marketing
0.19,0.79,4,229,4,0,0,0,product_mng
0.49,0.49,3,104,7,0,0,0,product_mng
0.9,0.76,3,255,7,0,0,0,product_mng
0.6,0.53,2,235,7,0,0,0,IT
0.8,0.86,5,262,6,0,1,0,sales
0.92,0.85,5,259,5,0,1,0,sales
0.84,0.92,4,234,5,0,1,0,sales
0.41,0.55,2,148,3,0,1,0,sales
0.38,0.54,2,143,3,0,1,0,sales
0.78,0.99,4,255,6,0,1,0,sales
0.76,0.89,5,262,5,0,1,0,sales
0.89,0.92,5,242,5,0,1,0,sales
0.09,0.62,6,294,4,0,1,0,accounting
0.38,0.46,2,137,3,0,1,0,technical
0.1,0.8,7,281,4,0,1,0,technical
0.09,0.89,6,276,4,0,1,0,technical
0.4,0.54,2,148,3,0,1,0,support
0.43,0.47,2,147,3,0,1,0,support
0.44,0.55,2,135,3,0,1,0,support
0.1,0.81,6,309,4,0,1,0,technical
0.38,0.54,2,128,3,0,1,0,technical
0.09,0.87,7,295,4,0,1,0,product_mng
0.45,0.54,2,140,3,0,1,0,support
0.79,0.59,4,139,3,0,1,1,management
0.11,0.97,6,284,4,0,1,0,sales
0.42,0.46,2,150,3,0,1,0,sales
0.44,0.5,2,148,3,0,1,0,accounting
0.37,0.48,2,137,3,0,1,0,technical
0.4,0.46,2,132,3,0,1,0,technical
0.4,0.46,2,135,3,0,1,0,technical
0.11,0.84,6,300,5,1,1,0,support
0.09,0.96,6,245,4,0,1,0,IT
0.41,0.46,2,151,3,0,1,0,product_mng
0.39,0.5,2,147,3,0,1,0,marketing
0.83,1,5,240,5,0,1,0,support
0.39,0.5,2,136,3,0,1,0,management
0.1,0.95,7,301,4,0,1,0,marketing
0.43,0.55,2,129,3,0,1,0,sales
0.31,0.54,5,132,5,0,1,0,sales
0.81,0.99,4,259,5,0,1,0,sales
0.4,0.46,2,127,3,0,1,0,hr
0.44,0.51,2,156,3,0,1,0,technical
0.09,0.8,6,304,4,0,1,0,technical
0.9,0.82,5,259,5,0,1,0,support
0.1,0.93,6,256,4,0,1,0,support
0.77,0.99,5,228,5,0,1,0,support
0.78,0.87,4,228,5,0,1,0,support
0.38,0.52,2,153,3,0,1,0,support
0.37,0.51,2,153,3,0,1,0,product_mng
0.44,0.54,2,149,3,0,1,0,hr
0.42,0.47,2,159,3,0,1,0,marketing
0.42,0.56,2,134,3,0,1,0,support
0.37,0.46,2,156,3,0,1,0,sales
0.37,0.48,2,159,3,0,1,0,sales
0.87,0.91,4,228,5,0,1,0,sales
0.79,0.87,5,261,5,0,1,0,sales
0.11,0.81,6,266,4,1,1,0,sales
0.88,0.88,5,232,5,1,1,0,accounting
0.82,0.97,5,263,5,0,1,0,hr
0.38,0.56,2,156,3,0,1,0,technical
0.81,0.93,5,270,5,0,1,0,technical
0.09,0.78,6,254,4,0,1,0,support
0.4,0.46,2,128,3,0,1,0,management
0.11,0.91,6,308,4,1,1,0,IT
0.45,0.48,2,136,3,0,1,0,product_mng
0.12,1,3,278,4,0,1,0,RandD
0.11,0.81,5,287,4,0,1,0,sales
0.1,0.93,7,305,4,0,1,0,technical
0.1,0.81,6,268,4,0,1,0,marketing
0.41,0.54,2,153,3,1,1,0,sales
0.45,0.47,2,151,3,0,1,0,accounting
0.77,0.87,5,266,5,0,1,0,accounting
0.9,1,5,232,5,0,1,0,technical
0.37,0.52,2,155,3,0,1,0,technical
0.4,0.46,2,149,3,0,1,0,technical
0.41,0.57,2,136,3,0,1,0,support
0.41,0.55,2,154,3,0,1,0,support
0.1,0.87,6,290,4,0,1,0,support
0.36,0.51,2,135,3,0,1,0,IT
0.56,0.71,4,296,2,0,1,0,IT
0.45,0.5,2,157,3,0,1,0,marketing
0.92,0.93,5,240,5,0,1,0,sales
0.73,0.99,5,241,5,0,1,0,sales
0.09,0.94,6,257,4,0,1,0,sales
0.84,0.99,4,262,6,0,1,0,accounting
0.45,0.54,2,142,3,0,1,0,hr
0.91,0.97,5,233,5,0,1,0,hr
0.11,0.9,6,264,4,0,1,0,technical
0.42,0.53,3,199,4,0,1,0,technical
0.09,0.96,6,268,4,0,1,0,technical
0.45,0.46,2,130,3,0,1,0,technical
0.44,0.51,2,150,3,0,1,0,support
0.41,0.47,2,135,3,0,1,0,support
0.36,0.78,2,151,4,0,1,0,technical
0.44,0.46,2,143,3,0,1,0,IT
0.36,0.48,2,159,3,0,1,0,product_mng
0.42,0.54,2,143,3,1,1,0,sales
0.1,0.83,7,276,4,0,1,0,accounting
0.91,0.84,5,265,5,0,1,0,technical
0.44,0.48,2,146,3,0,1,0,support
0.53,0.85,2,164,5,0,1,0,support
0.09,0.86,7,309,4,0,1,0,technical
0.74,0.82,4,239,6,0,1,0,IT
0.75,0.99,5,221,5,0,1,0,product_mng
0.39,0.57,2,145,3,0,1,0,accounting
0.11,0.85,6,305,4,0,1,0,accounting
0.87,1,5,261,5,1,1,0,technical
0.11,0.94,7,244,4,0,1,0,management
0.11,0.96,6,298,4,0,1,0,sales
0.82,0.85,5,248,5,0,1,0,sales
0.79,1,5,257,6,0,1,0,sales
0.1,0.9,7,281,4,0,1,0,sales
0.46,0.48,2,141,3,1,1,0,sales
0.43,0.55,2,136,3,0,1,0,sales
0.11,0.79,7,310,4,0,1,0,hr
0.75,0.97,5,243,6,0,1,0,technical
0.48,0.78,2,198,2,0,1,0,technical
0.57,0.72,4,275,6,0,1,0,technical
0.46,0.57,2,152,3,0,1,0,support
0.1,0.8,6,264,4,0,1,0,technical
0.09,0.87,5,263,4,0,1,0,IT
0.11,0.92,7,307,4,0,1,0,IT
0.37,0.47,2,138,3,1,1,0,accounting
0.81,0.97,5,243,5,0,1,0,support
0.83,0.95,4,251,5,0,1,0,marketing
0.43,0.51,2,141,3,0,1,0,sales
0.8,0.75,3,268,2,0,1,0,sales
0.37,0.47,2,148,3,0,1,0,hr
0.4,0.54,2,141,3,0,1,0,technical
0.51,0.83,5,249,4,0,1,0,technical
0.46,0.5,2,151,3,0,1,0,technical
0.09,0.77,6,290,4,0,1,0,technical
0.1,0.9,6,299,4,0,1,0,marketing
0.42,0.47,2,135,3,0,1,0,sales
0.36,0.51,2,130,3,0,1,0,sales
0.11,0.9,6,253,4,0,1,0,sales
0.1,0.9,7,269,4,0,1,0,accounting
0.1,0.81,7,244,5,0,1,0,hr
0.44,0.48,2,158,3,0,1,0,technical
0.09,0.93,6,279,4,0,1,0,technical
0.72,0.84,4,256,5,0,1,0,technical
0.4,0.49,2,144,3,0,1,0,support
0.4,0.48,2,142,3,0,1,0,support
0.87,0.91,5,228,5,0,1,0,support
0.1,0.86,6,283,4,0,1,0,support
0.11,0.86,6,286,4,0,1,0,support
0.85,0.87,5,245,5,0,1,0,technical
0.1,0.83,7,302,5,0,1,0,IT
0.44,0.53,2,155,3,0,1,0,product_mng
0.1,0.84,5,303,5,0,1,0,accounting
0.39,0.68,2,282,5,0,1,0,marketing
0.39,0.54,2,154,3,0,1,0,marketing
0.37,0.45,2,149,3,0,1,0,sales
0.37,0.49,2,148,3,0,1,0,sales
0.82,0.86,5,257,5,0,1,0,sales
0.39,0.45,2,140,3,0,1,0,sales
0.1,0.79,7,310,4,0,1,0,hr
0.38,0.49,2,137,3,0,1,0,technical
0.9,0.7,5,206,4,0,1,0,technical
0.09,0.81,6,257,4,0,1,0,support
0.76,0.83,6,293,6,0,1,0,support
