1stFlrSF,2ndFlrSF,3SsnPorch,Alley,BedroomAbvGr,BldgType,BsmtCond,BsmtExposure,BsmtFinSF1,BsmtFinSF2,BsmtFinType1,BsmtFinType2,BsmtFullBath,BsmtHalfBath,BsmtQual,BsmtUnfSF,CentralAir,Condition1,Condition2,Electrical,EnclosedPorch,ExterCond,ExterQual,Exterior1st,Exterior2nd,Fence,FireplaceQu,Fireplaces,Foundation,FullBath,Functional,GarageArea,GarageCars,GarageCond,GarageFinish,GarageQual,GarageType,GarageYrBlt,GrLivArea,HalfBath,Heating,HeatingQC,HouseStyle,KitchenAbvGr,KitchenQual,LandContour,LandSlope,LotArea,LotConfig,LotFrontage,LotShape,LowQualFinSF,MSSubClass,MSZoning,MasVnrArea,MasVnrType,MiscFeature,MiscVal,MoSold,Neighborhood,OpenPorchSF,OverallCond,OverallQual,PavedDrive,PoolArea,PoolQC,RoofMatl,RoofStyle,SaleCondition,SaleType,ScreenPorch,Street,TotRmsAbvGrd,TotalBsmtSF,Utilities,WoodDeckSF,YearBuilt,YearRemodAdd,YrSold
856,854,0,None,3,1Fam,TA,No,706,0,GLQ,Unf,1,0,Gd,150,Y,Norm,Norm,SBrkr,0,TA,Gd,VinylSd,VinylSd,None,None,0,PConc,2,Typ,548,2,TA,RFn,TA,Attchd,2003,1710,1,GasA,Ex,2Story,1,Gd,Lvl,Gtl,8450,Inside,65,Reg,0,60,RL,196,BrkFace,None,0,2,CollgCr,61,5,7,Y,0,None,CompShg,Gable,Normal,WD,0,Pave,8,856,AllPub,0,2003,2003,2008
1262,0,0,None,3,1Fam,TA,Gd,978,0,ALQ,Unf,0,1,Gd,284,Y,Feedr,Norm,SBrkr,0,TA,TA,MetalSd,MetalSd,None,TA,1,CBlock,2,Typ,460,2,TA,RFn,TA,Attchd,1976,1262,0,GasA,Ex,1Story,1,TA,Lvl,Gtl,9600,FR2,80,Reg,0,20,RL,0,None,None,0,5,Veenker,0,8,6,Y,0,None,CompShg,Gable,Normal,WD,0,Pave,6,1262,AllPub,298,1976,1976,2007
961,756,0,None,3,1Fam,Gd,No,216,0,ALQ,Unf,1,0,TA,540,Y,Norm,Norm,SBrkr,272,TA,TA,Wd Sdng,Wd Shng,None,Gd,1,BrkTil,1,Typ,642,3,TA,Unf,TA,Detchd,1998,1717,0,GasA,Gd,2Story,1,Gd,Lvl,Gtl,9550,Corner,60,IR1,0,70,RL,0,None,None,0,2,Crawfor,35,5,7,Y,0,None,CompShg,Gable,Abnorml,WD,0,Pave,7,756,AllPub,0,1915,1970,2006
1022,752,0,None,2,1Fam,None,None,0,0,None,None,0,0,None,952,Y,Artery,Norm,FuseF,205,TA,TA,BrkFace,Wd Shng,None,TA,2,BrkTil,2,Min1,468,2,TA,Unf,Fa,Detchd,1931,1774,0,GasA,Gd,1.5Fin,2,TA,Lvl,Gtl,6120,Inside,51,Reg,0,50,RM,0,None,None,0,4,OldTown,0,5,7,Y,0,None,CompShg,Gable,Abnorml,WD,0,Pave,8,952,AllPub,90,1931,1950,2008
1077,0,0,None,2,2fmCon,TA,No,851,0,GLQ,Unf,1,0,TA,140,Y,Artery,Artery,SBrkr,0,TA,TA,MetalSd,MetalSd,None,TA,2,BrkTil,1,Typ,205,1,TA,RFn,Gd,Attchd,1939,1077,0,GasA,Ex,1.5Unf,2,TA,Lvl,Gtl,7420,Corner,50,Reg,0,190,RL,0,None,None,0,1,BrkSide,4,6,5,Y,0,None,CompShg,Gable,Normal,WD,0,Pave,5,991,AllPub,0,1939,1950,2008
1182,1142,0,None,4,1Fam,TA,No,998,0,GLQ,Unf,1,0,Ex,177,Y,Norm,Norm,SBrkr,0,TA,Ex,WdShing,Wd Shng,None,Gd,2,PConc,3,Typ,736,3,TA,Fin,TA,BuiltIn,2005,2324,0,GasA,Ex,2Story,1,Ex,Lvl,Gtl,11924,Inside,85,IR1,0,60,RL,286,Stone,None,0,7,NridgHt,21,5,9,Y,0,None,CompShg,Hip,Partial,New,0,Pave,11,1175,AllPub,147,2005,2006,2006
912,0,0,None,2,1Fam,TA,No,737,0,ALQ,Unf,1,0,TA,175,Y,Norm,Norm,SBrkr,0,TA,TA,HdBoard,Plywood,None,None,0,CBlock,1,Typ,352,1,TA,Unf,TA,Detchd,1962,912,0,GasA,TA,1Story,1,TA,Lvl,Gtl,12968,Inside,113.8771268,IR2,0,20,RL,0,None,None,0,9,Sawyer,0,6,5,Y,0,None,CompShg,Hip,Normal,WD,176,Pave,4,912,AllPub,140,1962,1962,2008
1253,0,0,None,2,1Fam,TA,No,733,0,BLQ,Unf,1,0,TA,520,Y,Norm,Norm,SBrkr,176,TA,TA,MetalSd,MetalSd,GdWo,Fa,1,CBlock,1,Typ,352,1,TA,RFn,TA,Attchd,1960,1253,1,GasA,TA,1Story,1,TA,Lvl,Gtl,10920,Corner,104.4988038,IR1,0,20,RL,212,BrkFace,None,0,5,NAmes,213,5,6,Y,0,None,CompShg,Hip,Normal,WD,0,Pave,5,1253,AllPub,0,1960,1960,2008
1296,0,0,None,2,Duplex,None,None,0,0,None,None,0,0,None,0,Y,Norm,Norm,SBrkr,0,TA,TA,MetalSd,MetalSd,None,None,0,Slab,2,Typ,516,2,TA,Unf,TA,CarPort,1967,1296,0,GasA,TA,1Story,2,TA,Lvl,Gtl,10791,Inside,72,Reg,0,90,RL,0,None,Shed,500,10,Sawyer,0,5,4,Y,0,None,CompShg,Gable,Normal,WD,0,Pave,6,0,AllPub,0,1967,1967,2006
1114,0,0,None,3,1Fam,TA,No,646,0,GLQ,Unf,1,0,TA,468,Y,RRAe,Norm,SBrkr,0,TA,TA,VinylSd,VinylSd,None,None,0,PConc,1,Typ,576,2,TA,Unf,TA,Detchd,2004,1114,1,GasA,Ex,1Story,1,Gd,Lvl,Gtl,13695,Inside,66,Reg,0,20,RL,0,None,None,0,6,SawyerW,102,5,5,Y,0,None,CompShg,Gable,Normal,WD,0,Pave,6,1114,AllPub,0,2004,2004,2008
1339,0,0,None,3,1Fam,TA,No,504,0,LwQ,Unf,0,0,TA,525,Y,Norm,Norm,SBrkr,0,TA,TA,BrkFace,Plywood,MnPrv,None,0,CBlock,1,Min1,294,1,TA,Unf,TA,Attchd,1958,1339,0,GasA,TA,1Story,1,TA,Lvl,Gtl,7560,Inside,70,Reg,0,20,RL,0,None,None,0,5,NAmes,0,6,5,Y,0,None,CompShg,Hip,Abnorml,COD,0,Pave,6,1029,AllPub,0,1958,1965,2009
1795,0,0,None,3,1Fam,None,None,0,0,None,None,0,0,None,1777,Y,Norm,Norm,SBrkr,0,TA,Gd,VinylSd,VinylSd,None,Gd,1,PConc,2,Typ,534,2,TA,RFn,TA,Attchd,2002,1795,0,GasA,Ex,1Story,1,Gd,Lvl,Gtl,9742,Inside,75,Reg,0,20,RL,281,BrkFace,None,0,9,CollgCr,159,5,8,Y,0,None,CompShg,Hip,Normal,WD,0,Pave,7,1777,AllPub,171,2002,2002,2008
1060,0,0,None,3,TwnhsE,TA,No,840,0,GLQ,Unf,1,0,Gd,200,Y,Norm,Norm,SBrkr,0,TA,TA,CemntBd,CmentBd,None,TA,1,PConc,1,Typ,572,2,TA,Unf,TA,Attchd,1976,1060,0,GasA,TA,1Story,1,TA,Lvl,Gtl,4224,Inside,44,Reg,0,120,RM,0,None,None,0,6,MeadowV,110,7,5,Y,0,None,CompShg,Gable,Normal,WD,0,Pave,6,1040,AllPub,100,1976,1976,2007
1132,1320,0,None,4,1Fam,None,None,0,0,None,None,0,0,None,1117,Y,Norm,Norm,SBrkr,0,TA,Gd,VinylSd,VinylSd,None,Gd,1,PConc,3,Typ,691,3,TA,Fin,TA,BuiltIn,2004,2452,1,GasA,Ex,2Story,1,Gd,Lvl,Gtl,13418,Inside,108,Reg,0,60,RL,132,Stone,None,0,9,NridgHt,32,5,8,Y,0,None,CompShg,Gable,Normal,WD,0,Pave,9,1117,AllPub,113,2004,2005,2006
1057,0,0,None,3,1Fam,TA,No,731,0,GLQ,Unf,1,0,TA,326,Y,Norm,Norm,SBrkr,0,Gd,TA,VinylSd,VinylSd,None,None,0,CBlock,1,Typ,246,1,TA,Unf,TA,Detchd,1953,1057,0,GasA,TA,1Story,1,Gd,Lvl,Gtl,7922,Inside,68,Reg,0,20,RL,0,None,None,0,1,NAmes,52,7,5,Y,0,None,CompShg,Gable,Abnorml,WD,0,Pave,5,1057,AllPub,0,1953,2007,2010
1150,0,0,None,3,1Fam,TA,No,179,506,ALQ,BLQ,1,0,TA,465,Y,Norm,Norm,FuseA,0,TA,TA,BrkFace,Wd Sdng,None,None,0,CBlock,1,Typ,300,1,TA,RFn,TA,Attchd,1959,1150,0,GasA,Ex,1Story,1,TA,Lvl,Gtl,7945,Inside,70,Reg,0,20,RL,0,None,None,0,5,NAmes,0,6,5,Y,0,None,CompShg,Gable,Normal,WD,0,Pave,6,1150,AllPub,0,1959,1959,2006
1426,1519,0,None,3,1Fam,None,None,0,0,None,None,0,0,None,1410,Y,Norm,Norm,SBrkr,37,TA,Ex,VinylSd,VinylSd,None,Gd,1,PConc,3,Typ,641,3,TA,Fin,TA,BuiltIn,2006,2945,1,GasA,Ex,2Story,1,Gd,HLS,Gtl,13682,CulDSac,66,IR2,0,60,RL,1031,BrkFace,None,0,10,StoneBr,0,5,10,Y,0,None,CompShg,Hip,Partial,New,0,Pave,10,1410,AllPub,192,2006,2006,2006
2207,0,0,None,3,1Fam,TA,Gd,912,0,GLQ,Unf,1,0,Gd,1035,Y,PosA,Norm,SBrkr,0,TA,TA,Plywood,Plywood,None,Gd,1,CBlock,2,Min1,576,2,TA,RFn,TA,Attchd,1970,2207,0,GasA,TA,1Story,1,TA,Lvl,Gtl,19900,Inside,141.0673598,Reg,0,20,RL,287,BrkFace,None,0,7,NAmes,0,5,7,Y,0,None,CompShg,Gable,Normal,WD,0,Pave,7,1947,AllPub,301,1970,1989,2010
1479,0,0,None,3,1Fam,TA,Av,1013,0,GLQ,Unf,1,0,Gd,440,Y,Norm,Norm,SBrkr,0,TA,Gd,VinylSd,VinylSd,None,None,0,PConc,2,Typ,558,2,TA,RFn,TA,Attchd,2003,1479,0,GasA,Ex,1Story,1,Gd,Lvl,Gtl,10665,Inside,72,IR1,0,20,RL,167,BrkFace,None,0,6,CollgCr,29,5,7,Y,0,None,CompShg,Gable,Normal,WD,0,Pave,7,1453,AllPub,144,2003,2003,2007
885,833,0,None,3,1Fam,None,None,0,0,None,None,0,0,None,832,Y,Norm,Norm,SBrkr,0,TA,TA,VinylSd,VinylSd,None,TA,1,PConc,2,Typ,427,2,TA,Fin,TA,Attchd,1998,1718,1,GasA,Gd,2Story,1,TA,Lvl,Gtl,10141,Corner,74,IR1,0,60,RL,40,BrkFace,None,0,12,Gilbert,94,5,7,Y,0,None,CompShg,Gable,Normal,WD,291,Pave,7,832,AllPub,0,1998,1998,2009
840,765,0,None,3,1Fam,None,None,0,0,None,None,0,0,None,840,N,Norm,Norm,SBrkr,202,Gd,Gd,VinylSd,VinylSd,None,None,0,CBlock,2,Typ,379,1,TA,Unf,TA,Detchd,1915,1605,0,GasA,Gd,2Story,2,TA,Lvl,Gtl,5790,Corner,60,Reg,0,50,RM,0,None,None,0,5,OldTown,0,6,3,Y,0,None,CompShg,Gambrel,Normal,WD,0,Pave,8,840,AllPub,0,1915,1950,2010
952,0,0,None,2,1Fam,TA,No,228,0,ALQ,Unf,0,0,TA,724,Y,Norm,Norm,FuseA,0,TA,TA,VinylSd,VinylSd,None,None,0,CBlock,1,Typ,283,1,TA,Unf,TA,Detchd,1956,952,0,GasA,Ex,1Story,1,TA,Lvl,Gtl,8475,Inside,92.0597632,IR1,0,20,RL,0,None,None,0,4,NAmes,0,7,4,Y,0,None,CompShg,Gable,Normal,WD,0,Pave,4,952,AllPub,0,1956,1956,2008
804,670,0,None,3,1Fam,None,None,0,0,None,None,0,0,None,384,Y,Norm,Norm,SBrkr,0,TA,TA,HdBoard,HdBoard,None,TA,1,PConc,2,Typ,400,2,TA,Fin,TA,BuiltIn,1995,1474,1,GasA,Gd,SLvl,1,TA,Lvl,Gtl,8530,Inside,92.35799911,IR1,0,80,RL,22,BrkFace,Shed,700,5,Gilbert,72,5,7,Y,0,None,CompShg,Gable,Normal,WD,0,Pave,7,384,AllPub,120,1995,1996,2009
612,612,0,Pave,2,TwnhsE,None,None,0,0,None,None,0,0,None,612,Y,Norm,Norm,SBrkr,0,TA,Gd,VinylSd,VinylSd,None,None,0,PConc,2,Typ,528,2,TA,RFn,TA,Detchd,2009,1224,1,GasA,Ex,2Story,1,Gd,Lvl,Gtl,3951,Corner,40,Reg,0,160,FV,76,Stone,None,0,6,Somerst,234,5,6,Y,0,None,CompShg,Gable,Partial,New,0,Pave,4,612,AllPub,0,2009,2009,2009
1610,0,0,None,3,1Fam,TA,Mn,1200,0,ALQ,Unf,1,0,TA,410,Y,Norm,Norm,SBrkr,0,TA,TA,Plywood,Plywood,None,TA,2,PConc,2,Typ,480,2,TA,RFn,TA,Attchd,1977,1610,0,GasA,Gd,1Story,1,Gd,Lvl,Gtl,10603,Inside,102.9708697,IR1,0,20,RL,28,BrkFace,None,0,2,NWAmes,68,7,6,Y,0,None,CompShg,Gable,Normal,WD,0,Pave,6,1610,AllPub,168,1977,2001,2010
789,0,0,None,2,1Fam,TA,No,104,169,ALQ,BLQ,0,0,TA,516,Y,Norm,Norm,SBrkr,0,TA,TA,VinylSd,VinylSd,None,None,0,CBlock,1,Typ,250,1,TA,Unf,TA,Detchd,1948,789,0,GasA,Ex,1Story,1,TA,Lvl,Gtl,6000,Inside,50,Reg,0,20,RM,0,None,None,0,4,OldTown,0,5,5,Y,0,None,CompShg,Gable,Partial,WD,0,Pave,5,789,AllPub,0,1948,1950,2008
988,0,130,None,1,1Fam,TA,Gd,938,0,ALQ,Unf,1,0,TA,0,Y,Norm,Norm,SBrkr,0,TA,TA,Plywood,Plywood,None,TA,2,CBlock,1,Typ,540,2,TA,Unf,TA,Attchd,1969,988,0,GasA,Ex,SLvl,1,TA,Low,Sev,21453,CulDSac,59.91111111,IR1,0,80,RL,0,None,None,0,10,ClearCr,130,5,6,Y,0,None,Metal,Flat,Normal,WD,0,Pave,4,938,AllPub,0,1969,1969,2006
1080,0,0,None,3,1Fam,TA,No,570,0,BLQ,Unf,0,0,TA,510,Y,Norm,Norm,SBrkr,0,Gd,TA,MetalSd,MetalSd,None,None,0,CBlock,1,Typ,288,1,TA,Unf,TA,Attchd,1958,1080,0,GasA,Gd,1Story,1,TA,Lvl,Gtl,9464,Corner,75,Reg,0,20,RL,135,BrkFace,None,0,6,NAmes,0,7,6,Y,0,None,CompShg,Hip,Normal,WD,130,Pave,5,1080,AllPub,0,1958,1958,2008
1586,0,0,None,3,1Fam,None,None,0,0,None,None,0,0,None,1362,Y,Norm,Norm,SBrkr,0,Gd,TA,HdBoard,HdBoard,None,TA,1,CBlock,2,Typ,435,2,TA,Unf,TA,Attchd,1979,1586,0,GasA,TA,1Story,1,TA,Lvl,Gtl,17043,CulDSac,48,IR1,0,20,RL,0,None,None,0,1,NWAmes,0,5,6,Y,0,None,CompShg,Gable,Normal,WD,0,Pave,7,1362,AllPub,192,1979,1998,2009
1216,941,0,None,4,1Fam,TA,No,445,0,Rec,Unf,0,0,TA,479,Y,Norm,Norm,SBrkr,0,TA,TA,MetalSd,MetalSd,GdPrv,Gd,2,CBlock,2,Typ,487,2,TA,Fin,TA,Attchd,1966,2157,1,GasA,Ex,2Story,1,Gd,Lvl,Gtl,14200,Corner,88,Reg,0,60,RL,309,BrkFace,None,0,5,NAmes,66,6,7,Y,0,None,CompShg,Gable,Normal,WD,0,Pave,8,924,AllPub,105,1966,1966,2006
1296,0,0,None,2,1Fam,TA,No,1005,0,GLQ,Unf,1,0,Ex,262,Y,Norm,Norm,SBrkr,0,TA,Gd,VinylSd,VinylSd,None,None,0,PConc,2,Typ,471,2,TA,Fin,TA,Attchd,2001,1296,0,GasA,Ex,1Story,1,Gd,Lvl,Gtl,6853,Inside,82.78284847,IR1,0,20,RL,136,BrkFace,None,0,6,Timber,25,5,8,Y,0,None,CompShg,Gable,Normal,WD,0,Pave,6,1267,AllPub,192,2001,2002,2009
1721,0,0,None,3,1Fam,TA,No,570,0,Rec,Unf,0,0,TA,891,Y,Norm,Norm,SBrkr,180,TA,TA,Plywood,Plywood,MnPrv,TA,1,CBlock,2,Min1,440,2,TA,RFn,TA,Attchd,1968,1721,1,GasA,Gd,1Story,1,TA,Lvl,Gtl,10335,Inside,78,IR1,0,20,RL,0,None,None,0,7,Sawyer,96,6,5,Y,0,None,CompShg,Gable,Normal,WD,0,Pave,7,1461,AllPub,0,1968,1993,2006
1004,848,0,None,3,1Fam,TA,Mn,668,0,GLQ,Unf,0,0,Gd,336,Y,Norm,Norm,SBrkr,0,TA,Gd,VinylSd,VinylSd,GdPrv,TA,2,PConc,2,Typ,660,3,TA,Fin,TA,Attchd,1999,1852,1,GasA,Ex,2Story,1,Gd,Lvl,Gtl,9066,Inside,73,IR1,0,60,RL,320,BrkFace,None,0,12,CollgCr,106,5,8,Y,0,None,CompShg,Gable,Normal,WD,0,Pave,7,1004,AllPub,224,1999,2000,2008
1734,0,0,None,3,1Fam,TA,Av,1300,0,GLQ,Unf,1,0,Gd,434,Y,Norm,Norm,SBrkr,0,TA,Gd,VinylSd,VinylSd,None,None,0,PConc,2,Typ,660,2,TA,Fin,TA,Attchd,2005,1734,0,GasA,Ex,1Story,1,Gd,Lvl,Gtl,11645,Inside,78,Reg,0,20,RL,0,None,None,0,1,CollgCr,24,5,7,Y,0,None,CompShg,Gable,Normal,WD,0,Pave,7,1734,AllPub,160,2005,2005,2006
875,0,0,None,2,1Fam,TA,No,209,0,BLQ,Unf,1,0,TA,506,Y,Norm,Norm,FuseA,0,TA,TA,Wd Sdng,Wd Sdng,None,None,0,BrkTil,1,Typ,180,1,TA,Unf,Fa,Detchd,1931,875,0,GasA,TA,1Story,1,TA,Lvl,Gtl,6120,Corner,51,Reg,0,30,RM,0,None,None,0,11,BrkSide,0,7,5,Y,0,None,CompShg,Gable,Normal,WD,0,Pave,5,715,AllPub,48,1931,1993,2009
1710,0,0,None,2,1Fam,TA,Gd,1400,0,GLQ,Unf,1,0,Ex,310,Y,Norm,Norm,SBrkr,0,TA,Gd,VinylSd,VinylSd,None,Gd,1,PConc,2,Typ,866,3,TA,RFn,TA,Attchd,2007,1710,0,GasA,Ex,1Story,1,Gd,Lvl,Gtl,13891,Inside,107,Reg,0,20,RL,436,Stone,None,0,1,NridgHt,102,5,8,Y,0,None,CompShg,Hip,Partial,New,0,Pave,6,1710,AllPub,0,2007,2008,2008
1867,0,0,None,2,1Fam,TA,No,379,768,LwQ,BLQ,1,0,TA,470,Y,Norm,Norm,FuseA,0,TA,Gd,Wd Sdng,Wd Sdng,GdWo,Gd,3,CBlock,1,Typ,303,1,TA,Fin,TA,Attchd,1955,1867,0,GasA,Ex,1Story,1,TA,Lvl,Gtl,10708,Inside,103.4794666,IR1,0,20,RL,0,None,None,0,11,ClearCr,0,5,5,Y,0,None,CompShg,Hip,Normal,COD,142,Pave,7,1617,AllPub,476,1955,1993,2009
1610,551,0,None,3,1Fam,TA,No,1288,0,GLQ,Unf,1,0,Ex,294,Y,Norm,Norm,SBrkr,0,TA,Gd,VinylSd,VinylSd,None,Gd,1,PConc,1,Typ,789,3,TA,Fin,TA,Attchd,2007,2161,1,GasA,Ex,2Story,1,Ex,Lvl,Gtl,10562,Inside,86,Reg,0,60,RL,300,Stone,None,0,11,NridgHt,120,5,8,Y,0,None,CompShg,Gable,Partial,New,0,Pave,8,1582,AllPub,178,2007,2007,2007
1656,0,0,None,3,1Fam,Gd,Gd,639,0,BLQ,Unf,1,0,TA,441,Y,Norm,Norm,SBrkr,0,TA,TA,BrkFace,Plywood,None,Gd,2,CBlock,1,Typ,528,2,TA,Fin,TA,Attchd,1960,1656,0,GasA,Fa,1Story,1,TA,Lvl,Gtl,31770,Corner,141,IR1,0,20,RL,112,Stone,None,0,5,NAmes,62,5,6,P,0,None,CompShg,Hip,Normal,WD,0,Pave,7,1080,AllPub,210,1960,1960,2010
769,756,0,None,3,Twnhs,TA,No,436,0,GLQ,Unf,0,0,Gd,320,Y,Norm,Norm,SBrkr,0,TA,Gd,MetalSd,MetalSd,None,TA,1,PConc,2,Typ,440,2,TA,Unf,TA,Detchd,2000,1525,1,GasA,Ex,2Story,1,Gd,Lvl,Gtl,2117,Inside,46.01086828,Reg,0,160,FV,456,BrkFace,None,0,6,Somerst,0,5,6,Y,0,None,CompShg,Gable,Normal,WD,0,Pave,5,756,AllPub,0,2000,2000,2007
901,901,0,None,4,1Fam,TA,No,352,0,LwQ,Unf,0,0,Fa,441,Y,Norm,Norm,SBrkr,40,TA,TA,Stucco,Stucco,None,Gd,1,BrkTil,1,Typ,216,1,TA,Unf,Fa,Detchd,1920,1802,1,GasA,Gd,2Story,1,TA,Lvl,Gtl,7588,Inside,54,Reg,0,70,RL,0,None,None,0,7,Crawfor,0,6,7,Y,0,None,CompShg,Gable,Normal,WD,0,Pave,9,793,AllPub,0,1920,1950,2006
1217,0,0,None,3,1Fam,TA,Av,611,0,GLQ,Unf,1,0,Gd,577,Y,Norm,Norm,SBrkr,0,TA,TA,HdBoard,HdBoard,GdPrv,None,0,PConc,2,Typ,497,2,TA,Unf,TA,Attchd,1990,1217,0,GasA,Ex,SLvl,1,Gd,Lvl,Gtl,9947,CulDSac,59.91111111,IR1,0,80,RL,0,None,None,0,6,Mitchel,27,5,7,Y,0,None,CompShg,Gable,Normal,WD,0,Pave,6,1188,AllPub,168,1990,1991,2009
1442,0,508,None,3,1Fam,None,None,0,0,None,None,0,0,None,1424,Y,Norm,Norm,SBrkr,0,TA,TA,HdBoard,HdBoard,None,None,0,PConc,2,Typ,500,2,TA,RFn,TA,Attchd,1990,1442,0,GasA,Ex,1Story,1,TA,Lvl,Gtl,11851,Corner,99,Reg,0,20,RL,0,None,None,0,5,Gilbert,34,5,7,Y,0,None,CompShg,Gable,Normal,WD,0,Pave,5,1424,AllPub,0,1990,1990,2009
689,703,0,None,3,1Fam,TA,No,378,0,GLQ,Unf,0,0,Gd,311,Y,Norm,Norm,SBrkr,0,TA,TA,HdBoard,HdBoard,MnPrv,None,0,CBlock,1,Typ,299,1,TA,Fin,TA,Attchd,1977,1392,1,GasA,Ex,2Story,1,TA,Lvl,Gtl,10900,FR2,104.4030651,IR1,0,60,RL,153,BrkFace,Shed,450,3,CollgCr,36,7,6,Y,0,None,CompShg,Gable,Normal,WD,0,Pave,6,689,AllPub,0,1977,1977,2010
1236,0,0,None,2,1Fam,TA,No,360,0,BLQ,Unf,0,1,TA,710,Y,Norm,Norm,SBrkr,0,TA,TA,HdBoard,HdBoard,MnPrv,Fa,1,CBlock,1,Min1,447,1,TA,Unf,TA,Attchd,1957,1236,0,GasA,TA,1Story,1,Gd,Lvl,Gtl,10011,Inside,72,IR1,0,20,RL,64,BrkFace,None,0,5,NAmes,0,6,5,Y,0,None,CompShg,Gable,Normal,WD,0,Pave,6,1070,AllPub,0,1957,1996,2006
1137,817,0,None,3,1Fam,TA,No,341,0,BLQ,Unf,0,1,TA,457,Y,Norm,Norm,SBrkr,150,Gd,Gd,VinylSd,VinylSd,None,TA,2,CBlock,1,Typ,431,2,TA,Unf,TA,Attchd,1939,1954,1,GasA,Ex,1.5Fin,1,Gd,Lvl,Gtl,15660,Corner,125.1399217,IR1,0,50,RL,312,BrkFace,None,0,5,Crawfor,119,9,7,Y,0,None,CompShg,Gable,Normal,WD,0,Pave,8,798,AllPub,0,1939,2006,2008
1010,1257,0,None,4,1Fam,None,None,0,0,None,None,0,0,None,1010,Y,Norm,Norm,SBrkr,0,TA,Gd,VinylSd,VinylSd,None,TA,1,PConc,2,Typ,390,2,TA,RFn,TA,BuiltIn,2002,2267,1,GasA,Ex,2Story,1,Gd,Lvl,Gtl,8068,Inside,89.82204629,IR1,0,60,RL,0,None,None,0,12,Gilbert,46,5,6,Y,0,None,CompShg,Gable,Normal,ConLI,0,Pave,8,1010,AllPub,120,2002,2002,2009
811,741,0,None,3,1Fam,TA,No,550,0,ALQ,Unf,1,0,Gd,163,Y,RRAn,Norm,SBrkr,0,TA,TA,VinylSd,VinylSd,MnPrv,TA,1,CBlock,2,Typ,434,2,TA,RFn,TA,Attchd,1975,1552,1,GasA,TA,2Story,1,TA,Lvl,Gtl,11475,Inside,85,Reg,0,60,RL,0,None,None,0,2,NWAmes,208,6,6,Y,0,None,CompShg,Gable,Normal,WD,0,Pave,6,713,AllPub,209,1975,1975,2006
1194,0,0,None,3,1Fam,None,None,0,0,None,None,1,0,None,1194,Y,Norm,Norm,SBrkr,120,TA,TA,MetalSd,MetalSd,None,None,0,CBlock,1,Typ,312,1,TA,RFn,TA,Attchd,1959,1194,0,GasA,TA,1Story,1,TA,Lvl,Gtl,8760,Inside,73,Reg,0,20,RL,220,BrkFace,None,0,4,NAmes,0,6,6,Y,0,None,CompShg,Hip,Normal,WD,0,Pave,6,1194,AllPub,0,1959,1959,2010
1014,730,238,None,3,1Fam,TA,No,402,0,BLQ,Unf,0,0,Gd,594,Y,RRNe,Norm,SBrkr,0,TA,Gd,HdBoard,HdBoard,None,None,0,PConc,2,Typ,457,2,TA,RFn,TA,Attchd,1993,1744,1,GasA,Ex,2Story,1,Gd,Lvl,Gtl,9453,CulDSac,59.91111111,IR1,0,60,RL,0,None,None,0,2,SawyerW,70,7,7,Y,0,None,CompShg,Gable,Normal,WD,0,Pave,7,996,AllPub,370,1993,2003,2010
1566,0,0,None,3,1Fam,TA,Av,1078,0,GLQ,Unf,1,0,Gd,488,Y,Norm,Norm,SBrkr,0,TA,Gd,VinylSd,VinylSd,None,None,0,PConc,2,Typ,750,2,TA,RFn,TA,Attchd,2008,1566,0,GasA,Ex,1Story,1,Gd,Lvl,Gtl,9000,Inside,75,Reg,0,20,FV,36,Stone,None,0,4,Somerst,168,5,8,Y,0,None,CompShg,Gable,Normal,WD,0,Pave,7,1566,AllPub,144,2008,2008,2010
889,551,0,None,3,1Fam,None,None,0,0,None,None,0,0,None,540,N,Norm,Norm,FuseA,77,TA,TA,Wd Sdng,Wd Sdng,None,None,0,BrkTil,1,Typ,352,1,TA,Unf,Fa,Attchd,1940,1440,0,GasA,Gd,1.5Fin,1,TA,Lvl,Gtl,5000,Corner,63,Reg,0,50,RM,0,None,None,0,4,OldTown,0,4,5,Y,0,None,CompShg,Gable,Normal,WD,0,Pave,6,540,AllPub,0,1900,1950,2006
1382,0,0,None,3,1Fam,TA,Gd,672,690,Rec,ALQ,1,0,TA,0,Y,Artery,Norm,SBrkr,252,TA,TA,Wd Sdng,Wd Sdng,GdWo,TA,1,CBlock,1,Typ,884,2,TA,Unf,TA,Attchd,1991,1382,0,GasA,TA,SLvl,1,TA,Lvl,Gtl,19296,Corner,120,Reg,0,80,RL,399,BrkFace,None,0,5,NAmes,0,5,6,Y,0,None,CompShg,Gable,Normal,WD,0,Pave,6,1362,AllPub,0,1962,1962,2009
1212,0,0,None,3,1Fam,Gd,Av,506,0,ALQ,Unf,1,0,Gd,0,Y,Norm,Norm,SBrkr,0,TA,TA,HdBoard,Plywood,GdWo,TA,1,CBlock,1,Typ,492,2,TA,Unf,TA,Attchd,1978,1212,0,GasA,TA,SLvl,1,TA,Lvl,Gtl,8471,Corner,88,IR1,0,80,RL,46,BrkFace,None,0,7,Sawyer,12,7,6,Y,0,None,CompShg,Gable,Normal,WD,0,Pave,6,506,AllPub,292,1977,1995,2006
778,0,0,None,2,1Fam,TA,No,403,125,ALQ,Rec,0,0,TA,212,Y,Norm,Norm,SBrkr,0,TA,TA,VinylSd,VinylSd,None,Gd,1,CBlock,1,Typ,924,1,Ex,Fin,Ex,Detchd,1966,778,0,GasA,Ex,1Story,1,TA,Lvl,Gtl,6900,Inside,71,Reg,0,30,RM,0,None,None,0,2,IDOTRR,25,6,5,Y,0,None,CompShg,Gable,Normal,WD,0,Pave,4,740,AllPub,0,1940,1955,2008
864,0,0,None,2,1Fam,TA,No,120,0,LwQ,Unf,0,0,TA,744,Y,Norm,Norm,SBrkr,0,TA,TA,VinylSd,VinylSd,None,None,0,CBlock,1,Typ,400,2,TA,Unf,TA,Detchd,1951,864,0,GasA,Ex,1Story,1,TA,Lvl,Gtl,19138,Corner,140,Reg,0,20,RL,0,None,None,0,6,Gilbert,0,5,4,Y,0,None,CompShg,Gable,Normal,WD,0,Pave,4,864,AllPub,0,1951,1951,2010
1156,866,0,None,4,1Fam,TA,No,392,0,BLQ,Unf,0,0,Gd,768,Y,Norm,Norm,SBrkr,0,TA,TA,Plywood,Plywood,None,TA,1,CBlock,2,Typ,505,2,TA,Fin,TA,Attchd,1977,2022,1,GasA,Ex,2Story,1,TA,Lvl,Gtl,10005,Inside,83,Reg,0,60,RL,299,BrkFace,None,0,3,ClearCr,117,5,7,Y,0,None,CompShg,Hip,Normal,WD,0,Pave,8,1160,AllPub,288,1977,1977,2008
1175,807,196,None,3,1Fam,TA,Av,421,0,GLQ,Unf,0,0,Gd,386,Y,Norm,Norm,SBrkr,0,TA,Gd,Plywood,Plywood,None,TA,1,CBlock,2,Typ,575,2,TA,Fin,TA,Attchd,1989,1982,1,GasA,Gd,2Story,1,Gd,Lvl,Gtl,11287,Inside,82,Reg,0,60,RL,340,BrkFace,None,0,1,SawyerW,84,6,7,Y,0,None,CompShg,Gable,Normal,WD,0,Pave,7,807,AllPub,0,1989,1989,2007
1262,0,0,Pave,2,1Fam,TA,No,905,0,GLQ,Unf,0,0,Gd,357,Y,Norm,Norm,SBrkr,0,TA,Gd,VinylSd,VinylSd,None,None,0,PConc,2,Typ,572,2,TA,Fin,TA,Attchd,2006,1262,0,GasA,Gd,1Story,1,Gd,Lvl,Gtl,7200,Inside,60,Reg,0,20,FV,68,Stone,None,0,5,Somerst,120,5,6,Y,0,None,CompShg,Gable,Partial,New,0,Pave,5,1262,AllPub,0,2006,2006,2006
1003,0,0,None,3,1Fam,TA,Av,819,0,GLQ,Unf,1,0,TA,184,Y,Norm,Norm,SBrkr,0,TA,TA,HdBoard,HdBoard,GdPrv,None,0,CBlock,1,Typ,588,2,TA,Unf,TA,Detchd,1984,1003,0,GasA,TA,SLvl,1,TA,Lvl,Gtl,7937,CulDSac,37,IR1,0,80,RL,0,None,None,0,3,Mitchel,0,6,6,Y,0,None,CompShg,Gable,Normal,WD,0,Pave,6,1003,AllPub,120,1984,1984,2006
910,648,0,None,4,1Fam,TA,No,420,0,BLQ,Unf,0,0,TA,490,Y,Norm,Norm,FuseA,0,TA,TA,Wd Sdng,Wd Sdng,MnPrv,None,0,CBlock,1,Typ,282,1,TA,Unf,TA,Attchd,1950,1558,1,GasA,TA,1.5Fin,1,TA,Lvl,Gtl,13710,Inside,75,Reg,0,50,RM,0,None,None,0,6,IDOTRR,0,5,5,Y,0,None,CompShg,Gable,Normal,WD,0,Pave,6,910,AllPub,289,1950,1950,2007
1675,1818,0,None,3,1Fam,None,None,0,0,None,None,0,0,None,1470,Y,Norm,Norm,SBrkr,0,TA,TA,CemntBd,CmentBd,None,Ex,1,BrkTil,3,Typ,870,3,TA,Unf,TA,Attchd,2003,3493,0,GasA,Ex,2.5Fin,1,Gd,Lvl,Gtl,18386,Inside,87,Reg,0,75,RM,0,None,None,0,5,OldTown,0,9,7,Y,0,None,CompShg,Gable,Normal,WD,0,Pave,10,1470,AllPub,302,1880,2002,2008
861,0,0,None,1,1Fam,TA,No,262,0,BLQ,Unf,0,0,TA,599,Y,Norm,Norm,SBrkr,0,TA,TA,VinylSd,VinylSd,None,None,0,CBlock,1,Typ,539,2,TA,Unf,TA,Detchd,1961,861,0,GasA,Ex,1Story,1,TA,Lvl,Gtl,12342,Inside,111.0945543,IR1,0,30,RL,0,None,None,0,3,Edwards,0,5,4,Y,0,None,CompShg,Gable,Normal,WD,0,Pave,4,861,AllPub,158,1940,1950,2009
1944,0,0,None,3,1Fam,TA,Gd,1274,0,GLQ,Unf,1,0,Ex,622,Y,Norm,Norm,SBrkr,0,TA,Gd,VinylSd,VinylSd,None,Ex,3,PConc,2,Typ,708,3,TA,Fin,TA,Attchd,2003,1944,0,GasA,Ex,1Story,1,Ex,Lvl,Gtl,12378,Inside,90,IR1,0,20,RL,0,None,None,0,11,NridgHt,175,5,9,Y,0,None,CompShg,Gable,Normal,WD,0,Pave,8,1896,AllPub,208,2003,2004,2006
2036,0,0,None,3,1Fam,TA,Gd,1236,820,ALQ,Rec,2,0,Gd,80,Y,Norm,Norm,SBrkr,0,TA,TA,BrkFace,BrkFace,None,Gd,2,CBlock,2,Typ,513,2,TA,RFn,TA,Attchd,1965,2036,0,GasW,TA,1Story,1,TA,Low,Sev,215245,Inside,150,IR3,0,20,RL,0,None,None,0,6,Timber,0,5,7,Y,0,None,CompShg,Hip,Normal,WD,0,Pave,8,2136,AllPub,0,1965,1965,2009
1088,871,0,None,3,1Fam,None,None,0,0,None,None,0,0,None,1088,Y,Norm,Norm,SBrkr,0,TA,Gd,VinylSd,VinylSd,None,Gd,1,PConc,2,Typ,1025,3,TA,RFn,TA,Attchd,2006,1959,1,GasA,Ex,2Story,1,Gd,Lvl,Gtl,9000,Inside,75,Reg,0,60,FV,0,None,None,0,12,Somerst,46,5,8,Y,0,None,CompShg,Gable,Normal,WD,0,Pave,8,1088,AllPub,208,2006,2006,2007
1383,0,0,None,3,1Fam,TA,No,565,0,Rec,Unf,0,0,TA,818,Y,Norm,Norm,SBrkr,0,TA,TA,Wd Sdng,Wd Sdng,None,None,0,CBlock,1,Typ,292,1,TA,RFn,TA,Attchd,1960,1383,1,GasA,TA,1Story,1,TA,Lvl,Gtl,11600,Inside,80,Reg,0,20,RL,175,BrkFace,None,0,4,NAmes,45,5,6,Y,0,None,CompShg,Hip,Normal,WD,0,Pave,7,1383,AllPub,0,1960,1960,2006
1445,689,0,Pave,5,1Fam,None,None,0,0,None,None,0,0,None,844,N,PosN,Norm,FuseA,268,TA,TA,Wd Sdng,Wd Shng,None,None,0,BrkTil,2,Typ,441,2,TA,Unf,TA,Detchd,1930,2134,0,GasA,Gd,2.5Unf,1,Gd,Bnk,Gtl,11888,Inside,109.0321054,IR1,0,75,RL,0,None,None,0,7,BrkSide,60,6,6,Y,0,None,CompShg,Gable,Normal,WD,0,Pave,10,844,AllPub,0,1916,1994,2009
1358,0,0,None,2,TwnhsE,TA,Av,720,0,GLQ,Unf,1,0,Gd,638,Y,Norm,Norm,SBrkr,0,TA,Gd,VinylSd,VinylSd,None,Gd,1,PConc,2,Typ,484,2,TA,RFn,TA,Attchd,2004,1358,0,GasA,Ex,1Story,1,Gd,Lvl,Gtl,8198,FR3,59,Reg,0,120,RM,146,Stone,None,0,7,NridgHt,30,5,7,Y,0,None,CompShg,Gable,Normal,WD,0,Pave,6,1358,AllPub,192,2004,2004,2008
1619,167,0,None,3,2fmCon,TA,Gd,1249,147,ALQ,BLQ,2,0,TA,103,Y,Norm,Norm,SBrkr,0,TA,TA,Plywood,Plywood,None,Gd,2,CBlock,2,Typ,529,2,TA,Fin,TA,Attchd,1965,1786,0,GasA,Ex,1.5Fin,1,TA,HLS,Sev,164660,Corner,405.7831933,IR1,0,190,RL,0,None,Shed,700,8,Timber,0,6,5,Y,0,None,CompShg,Gable,Normal,WD,0,Grvl,7,1499,AllPub,670,1965,1965,2008
1621,0,0,None,3,1Fam,TA,Mn,213,0,ALQ,Unf,1,0,Gd,995,Y,Norm,Norm,SBrkr,0,TA,Gd,Wd Sdng,Wd Sdng,None,None,0,CBlock,2,Typ,440,2,TA,RFn,TA,Attchd,1984,1621,0,GasA,Ex,1Story,1,Gd,Lvl,Gtl,14145,Corner,91,Reg,0,20,RL,0,None,Shed,400,5,NWAmes,45,7,7,Y,0,None,CompShg,Gable,Normal,WD,0,Pave,8,1208,AllPub,108,1984,1998,2006
1684,0,0,None,2,TwnhsE,TA,No,28,0,GLQ,Unf,0,0,Ex,1656,Y,Norm,Norm,SBrkr,0,TA,Ex,MetalSd,MetalSd,None,Ex,1,PConc,2,Typ,564,2,TA,RFn,TA,Attchd,2005,1684,0,GasA,Ex,1Story,1,Ex,Lvl,Gtl,8849,Inside,63,IR1,0,120,RL,616,BrkFace,None,0,7,NridgHt,72,5,9,Y,0,None,CompShg,Hip,Normal,WD,0,Pave,6,1684,AllPub,495,2005,2005,2008
536,576,0,None,3,TwnhsE,TA,No,129,232,Rec,BLQ,0,0,Gd,175,Y,Norm,Norm,SBrkr,0,TA,TA,CemntBd,CmentBd,None,None,0,CBlock,1,Typ,336,1,TA,Unf,TA,Attchd,1976,1112,1,GasA,TA,2Story,1,TA,Lvl,Gtl,2592,Inside,36,Reg,0,160,RM,0,None,None,0,4,MeadowV,0,3,5,Y,0,None,CompShg,Gable,Normal,WD,0,Pave,4,536,AllPub,182,1976,1976,2010
1192,403,0,None,2,1Fam,TA,No,388,0,LwQ,Unf,0,0,TA,552,Y,Norm,Norm,SBrkr,108,TA,TA,Wd Sdng,MetalSd,None,Gd,2,CBlock,1,Typ,240,1,TA,Unf,TA,Attchd,1940,1595,0,GasA,Ex,1.5Fin,1,TA,Bnk,Gtl,8400,Inside,60,Reg,0,50,RL,0,None,None,0,6,SWISU,0,5,6,Y,0,None,CompShg,Gable,Normal,WD,0,Pave,6,940,AllPub,0,1940,2000,2006
988,517,0,Pave,3,1Fam,TA,No,399,0,Rec,Unf,1,0,TA,484,Y,Norm,Norm,SBrkr,0,TA,TA,MetalSd,MetalSd,None,None,0,CBlock,1,Typ,240,1,TA,Unf,TA,Detchd,1940,1505,0,GasA,Gd,1.5Fin,1,TA,Lvl,Gtl,9144,Inside,95.6242647,Reg,0,50,RL,0,None,None,0,7,BrkSide,0,5,5,N,0,None,CompShg,Gable,Normal,WD,0,Pave,8,883,AllPub,0,1940,1982,2008
495,1427,0,None,4,1Fam,None,None,0,0,None,None,0,0,None,0,Y,Norm,Norm,SBrkr,177,TA,Gd,HdBoard,HdBoard,None,Ex,1,Slab,3,Typ,672,2,TA,RFn,TA,BuiltIn,2003,1922,0,GasA,Ex,SFoyer,1,Gd,Lvl,Gtl,7301,Corner,64,Reg,0,85,RL,500,BrkFace,None,0,7,Edwards,0,5,7,Y,0,None,CompShg,Gable,Normal,ConLD,0,Pave,7,0,AllPub,0,2003,2003,2009
1268,0,0,None,2,1Fam,TA,No,540,0,LwQ,Unf,0,0,TA,728,Y,Norm,Norm,SBrkr,0,TA,TA,HdBoard,HdBoard,None,Gd,1,PConc,1,Typ,244,1,TA,Fin,TA,Attchd,1954,1268,0,GasA,Gd,1Story,1,TA,Lvl,Gtl,7800,Inside,78,Reg,0,20,RL,200,BrkFace,None,0,3,NAmes,98,6,5,Y,0,None,CompShg,Gable,Normal,WD,0,Pave,7,1268,AllPub,0,1954,1954,2010
953,711,0,None,3,1Fam,None,None,0,0,None,None,0,0,None,953,Y,Norm,Norm,SBrkr,0,TA,TA,VinylSd,VinylSd,None,TA,1,PConc,2,Typ,460,2,TA,RFn,TA,Attchd,2000,1664,1,GasA,Ex,2Story,1,TA,Lvl,Gtl,8121,Inside,90.11659115,IR1,0,60,RL,0,None,None,0,1,Gilbert,40,5,6,Y,0,None,CompShg,Gable,Normal,WD,0,Pave,7,953,AllPub,100,2000,2000,2006
1026,665,0,Pave,3,1Fam,TA,No,218,0,LwQ,Unf,0,0,TA,808,Y,Norm,Norm,SBrkr,242,TA,TA,BrkFace,Wd Sdng,None,Gd,1,BrkTil,2,Typ,308,1,TA,Unf,TA,Detchd,1924,1691,0,GasA,TA,1.5Fin,1,Gd,Lvl,Gtl,5000,Inside,50,Reg,0,50,RL,0,None,None,0,5,SWISU,0,6,5,Y,0,None,CompShg,Gable,Normal,WD,0,Pave,6,1026,AllPub,0,1924,1950,2010
1079,874,0,None,3,1Fam,TA,Av,985,0,GLQ,Unf,1,0,Gd,595,Y,Feedr,Norm,SBrkr,0,TA,Gd,HdBoard,HdBoard,None,Fa,2,PConc,2,Typ,501,2,TA,Fin,TA,Attchd,1992,1953,1,GasA,Ex,2Story,1,Gd,Low,Mod,53107,Corner,230.4495606,IR2,0,60,RL,0,None,None,0,6,ClearCr,231,5,6,Y,0,None,CompShg,Gable,Normal,WD,0,Pave,9,1580,AllPub,216,1992,1992,2007
961,406,0,Grvl,4,1Fam,Gd,No,241,391,Rec,BLQ,1,0,TA,229,Y,Norm,Norm,SBrkr,112,TA,TA,MetalSd,MetalSd,MnPrv,None,0,BrkTil,1,Typ,384,1,TA,Unf,TA,Detchd,1978,1367,0,GasA,Ex,1.5Fin,1,TA,Lvl,Gtl,8405,Inside,50,Reg,0,50,RL,0,None,None,0,4,Edwards,130,8,5,Y,0,None,CompShg,Gable,Normal,WD,0,Pave,7,861,AllPub,0,1900,1950,2008
882,0,0,None,3,1Fam,None,None,0,0,None,None,0,0,None,0,Y,Norm,Norm,SBrkr,0,TA,TA,MetalSd,MetalSd,MnPrv,None,0,Slab,1,Typ,294,1,TA,RFn,TA,Attchd,1959,882,0,GasA,TA,1Story,1,TA,Lvl,Gtl,8339,Inside,91.31812525,IR1,0,20,RL,0,None,Shed,1200,7,NAmes,0,7,5,Y,0,None,CompShg,Gable,Normal,WD,0,Pave,5,0,AllPub,0,1959,1959,2007
1071,1101,0,None,3,1Fam,None,None,0,0,None,None,0,0,None,1063,Y,Norm,Norm,SBrkr,0,TA,Gd,VinylSd,VinylSd,None,Gd,1,PConc,2,Typ,947,3,TA,RFn,TA,Attchd,2006,2172,1,GasA,Ex,2Story,1,Gd,Lvl,Gtl,14154,Corner,109,Reg,0,60,RL,350,BrkFace,None,0,8,NridgHt,62,5,7,Y,0,None,CompShg,Gable,Partial,New,0,Pave,9,1063,AllPub,192,2006,2006,2007
1050,1028,0,None,3,1Fam,TA,No,789,0,GLQ,Unf,1,0,Ex,245,Y,Norm,Norm,SBrkr,0,TA,Gd,VinylSd,VinylSd,None,Gd,1,PConc,2,Typ,836,3,TA,Fin,TA,Attchd,2008,2078,1,GasA,Ex,2Story,1,Ex,Lvl,Gtl,10800,Inside,85,Reg,0,60,FV,100,Stone,None,0,4,Somerst,102,5,8,Y,0,None,CompShg,Gable,Partial,New,0,Pave,8,1034,AllPub,0,2007,2008,2008
1080,1017,0,None,3,1Fam,TA,No,50,531,BLQ,GLQ,0,1,Gd,499,Y,Norm,Norm,SBrkr,0,TA,Gd,VinylSd,VinylSd,None,TA,1,PConc,2,Typ,678,3,TA,Unf,TA,Attchd,1993,2097,1,GasA,Ex,2Story,1,Gd,Lvl,Gtl,11228,CulDSac,59,IR2,0,60,RL,0,None,None,0,12,SawyerW,187,5,7,Y,0,None,CompShg,Gable,Normal,WD,0,Pave,9,1080,AllPub,196,1993,1993,2008
1340,0,0,None,3,1Fam,TA,Av,24,0,GLQ,Unf,0,0,Gd,1316,Y,Norm,Norm,SBrkr,0,TA,Gd,VinylSd,VinylSd,None,None,0,PConc,2,Typ,396,2,TA,Fin,TA,Attchd,2007,1340,0,GasA,Ex,1Story,1,Gd,Lvl,Gtl,8899,Inside,73,IR1,0,20,RL,0,None,None,0,8,Gilbert,30,5,7,Y,0,None,CompShg,Gable,Partial,New,0,Pave,6,1340,AllPub,100,2007,2007,2007
672,728,0,None,3,1Fam,TA,No,209,0,ALQ,Unf,0,0,TA,463,Y,Norm,Norm,SBrkr,0,TA,TA,HdBoard,HdBoard,None,TA,1,CBlock,1,Typ,440,2,TA,Fin,TA,Attchd,1978,1400,1,GasA,TA,2Story,1,TA,Lvl,Gtl,7844,Inside,74,Reg,0,60,RL,203,BrkFace,None,0,3,Sawyer,0,7,6,Y,0,None,CompShg,Hip,Normal,WD,0,Pave,6,672,AllPub,0,1978,1978,2006
684,512,0,Grvl,3,1Fam,None,None,0,0,None,None,0,0,None,684,Y,Norm,Norm,SBrkr,0,TA,TA,Wd Sdng,Wd Sdng,GdPrv,None,0,BrkTil,1,Typ,528,2,TA,Unf,TA,Detchd,2005,1196,0,GasA,Gd,1.5Fin,1,Gd,Lvl,Gtl,12354,Corner,67,Reg,0,50,RL,0,None,Shed,800,8,Edwards,46,8,6,Y,0,None,CompShg,Gable,Normal,ConLI,0,Pave,7,684,AllPub,0,1920,2000,2009
1128,445,0,None,3,1Fam,None,None,0,0,None,None,0,0,None,1078,Y,Norm,Norm,SBrkr,0,TA,TA,MetalSd,MetalSd,None,Gd,1,PConc,2,Typ,360,2,TA,Unf,TA,Detchd,1930,1573,0,GasA,TA,1.5Fin,1,TA,Lvl,Gtl,6240,Inside,52,Reg,0,50,RM,0,None,None,0,6,BrkSide,0,7,5,P,0,None,CompShg,Gable,Normal,WD,0,Pave,8,1078,AllPub,0,1930,1992,2008
624,720,0,Grvl,4,1Fam,None,None,0,0,None,None,0,0,None,624,N,Norm,Norm,SBrkr,96,TA,TA,AsbShng,AsbShng,None,None,0,BrkTil,1,Typ,513,3,Fa,Unf,Fa,Detchd,1916,1344,0,GasA,Fa,2Story,1,TA,Lvl,Gtl,4571,Inside,34,Reg,0,70,RM,0,None,None,0,5,OldTown,0,5,5,Y,0,None,CompShg,Gable,Abnorml,COD,0,Pave,7,624,AllPub,0,1916,1950,2008
833,833,0,Grvl,3,1Fam,None,None,0,0,None,None,0,0,None,588,Y,Norm,Norm,SBrkr,0,Gd,TA,Stucco,Wd Shng,MnPrv,Gd,1,PConc,1,Typ,228,1,TA,Unf,TA,Detchd,1925,1666,0,GasA,Fa,2Story,1,Gd,Lvl,Gtl,5100,Inside,71.41428429,Reg,0,70,RM,0,None,None,0,6,OldTown,63,7,8,Y,0,None,CompShg,Hip,Normal,WD,0,Pave,7,588,AllPub,192,1925,1996,2008
832,1103,0,None,3,1Fam,TA,No,544,0,GLQ,Unf,1,0,Gd,288,Y,RRAn,Norm,SBrkr,0,TA,Gd,VinylSd,VinylSd,None,None,0,PConc,2,Typ,552,2,TA,Fin,TA,BuiltIn,2009,1935,1,GasA,Ex,2Story,1,TA,Lvl,Gtl,8004,Inside,75,IR1,0,60,FV,110,Stone,None,0,12,Somerst,150,5,8,Y,0,None,CompShg,Gable,Partial,New,0,Pave,8,832,AllPub,0,2009,2009,2009
1161,808,0,None,3,1Fam,None,None,0,0,None,None,0,0,None,808,Y,PosA,Norm,SBrkr,0,TA,TA,WdShing,Plywood,None,Gd,1,CBlock,2,Typ,534,2,TA,RFn,TA,Attchd,1977,1969,1,GasA,TA,2Story,1,TA,Lvl,Gtl,11952,Inside,92,Reg,0,60,RL,0,None,None,0,11,NWAmes,0,6,7,Y,0,None,WdShake,Mansard,Normal,WD,276,Pave,8,808,AllPub,0,1977,1977,2007
1718,0,0,None,3,1Fam,TA,Gd,1288,0,GLQ,Unf,1,0,Ex,417,Y,Norm,Norm,SBrkr,0,TA,Gd,VinylSd,VinylSd,None,Gd,1,PConc,2,Typ,826,3,TA,RFn,TA,Attchd,2007,1718,0,GasA,Ex,1Story,1,Gd,Lvl,Gtl,10637,Inside,79,Reg,0,20,RL,336,Stone,None,0,9,CollgCr,44,5,8,Y,0,None,CompShg,Hip,Normal,WD,0,Pave,7,1705,AllPub,208,2007,2008,2009
1113,0,0,None,3,1Fam,TA,No,607,0,ALQ,Unf,0,0,TA,506,Y,Norm,Norm,SBrkr,120,TA,Gd,MetalSd,MetalSd,None,Gd,1,CBlock,1,Typ,264,1,TA,Unf,TA,Attchd,1950,1113,0,GasA,Gd,1Story,1,Gd,Lvl,Gtl,9600,Inside,80,Reg,0,20,RL,0,None,None,0,7,NAmes,80,7,5,Y,0,None,CompShg,Gable,Normal,WD,0,Pave,5,1113,AllPub,0,1950,2007,2009
899,0,0,None,3,1Fam,TA,No,450,0,ALQ,Unf,0,0,TA,414,Y,Norm,Norm,SBrkr,0,TA,TA,HdBoard,HdBoard,MnPrv,None,0,PConc,1,Typ,288,1,TA,Fin,TA,Attchd,1967,899,0,GasA,Ex,1Story,1,Gd,Lvl,Gtl,7800,Inside,65,Reg,0,20,RL,89,BrkFace,None,0,6,Sawyer,0,7,5,Y,0,None,CompShg,Hip,Normal,WD,0,Pave,5,864,AllPub,64,1967,2004,2009
864,0,0,None,3,1Fam,TA,No,521,174,BLQ,LwQ,1,0,TA,169,Y,Feedr,Norm,SBrkr,0,TA,TA,VinylSd,VinylSd,None,None,0,CBlock,1,Typ,624,2,TA,Unf,TA,Detchd,1964,864,0,GasA,TA,1Story,1,TA,Lvl,Gtl,9100,Corner,70,Reg,0,20,RL,0,None,None,0,7,NAmes,0,5,5,Y,0,None,CompShg,Gable,Normal,WD,0,Pave,5,864,AllPub,0,1958,1958,2006
928,0,0,None,2,1Fam,TA,No,377,0,Rec,Unf,0,0,Gd,551,Y,Norm,Norm,SBrkr,156,TA,TA,Wd Sdng,Wd Sdng,None,None,0,CBlock,1,Typ,252,1,TA,Unf,TA,Attchd,1956,928,0,GasA,TA,1Story,1,TA,Lvl,Gtl,13300,Inside,70,Reg,0,20,RL,0,None,None,0,6,NAmes,0,7,5,Y,0,None,CompShg,Hip,Normal,WD,0,Pave,4,928,AllPub,261,1956,2000,2007
1476,1237,0,None,3,1Fam,TA,Av,1330,0,GLQ,Unf,1,0,Ex,122,Y,Norm,Norm,SBrkr,0,TA,Ex,VinylSd,VinylSd,None,Gd,1,PConc,2,Typ,858,3,TA,Fin,TA,Attchd,2008,2713,1,GasA,Ex,2Story,1,Ex,Lvl,Gtl,14948,Inside,67,IR1,0,60,RL,268,Stone,None,0,11,NridgHt,66,5,9,Y,0,None,CompShg,Hip,Partial,New,0,Pave,11,1452,AllPub,126,2008,2008,2008
707,707,0,None,3,1Fam,None,None,0,0,None,None,0,0,None,707,Y,Norm,Norm,SBrkr,0,TA,Gd,VinylSd,VinylSd,None,Gd,1,PConc,2,Typ,403,2,TA,Fin,TA,Attchd,2004,1414,1,GasA,Ex,2Story,1,Gd,Lvl,Gtl,9056,Inside,74,IR1,0,60,RL,0,None,None,0,10,Gilbert,35,5,8,Y,0,None,CompShg,Gable,Normal,WD,0,Pave,6,707,AllPub,100,2004,2004,2006
1601,0,0,None,3,1Fam,TA,Av,1358,0,GLQ,Unf,1,0,Gd,223,Y,Norm,Norm,SBrkr,0,TA,Gd,VinylSd,VinylSd,MnPrv,TA,1,PConc,2,Typ,670,2,TA,RFn,TA,Attchd,2001,1601,0,GasA,Ex,1Story,1,Gd,Lvl,Gtl,11423,Inside,106.8784356,Reg,0,20,RL,479,BrkFace,Shed,2000,5,CollgCr,0,5,8,Y,0,None,CompShg,Gable,Normal,WD,0,Pave,6,1581,AllPub,180,2001,2002,2010
825,0,0,None,2,1Fam,TA,No,180,645,LwQ,Rec,1,0,TA,0,Y,Feedr,RRNn,SBrkr,0,Gd,TA,MetalSd,MetalSd,MnPrv,None,0,CBlock,1,Typ,720,2,TA,RFn,TA,Detchd,1963,825,0,GasA,TA,1Story,1,TA,HLS,Gtl,8235,Inside,49,IR1,0,20,RM,0,None,None,0,6,OldTown,50,7,5,Y,0,None,CompShg,Gable,Normal,WD,0,Pave,4,825,AllPub,140,1955,1995,2008
1557,0,0,None,2,TwnhsE,None,None,0,0,None,None,0,0,None,1374,Y,Norm,Norm,SBrkr,0,TA,Gd,VinylSd,VinylSd,None,TA,1,PConc,2,Typ,420,2,TA,Fin,TA,Attchd,2003,1557,0,GasA,Ex,1Story,1,Gd,Lvl,Gtl,3196,Inside,56.5331761,Reg,0,120,RL,18,BrkFace,None,0,10,Blmngtn,20,5,7,Y,0,None,CompShg,Gable,Normal,WD,0,Pave,7,1374,AllPub,143,2003,2004,2006
1392,0,0,None,3,1Fam,TA,No,1302,0,ALQ,Unf,1,0,Gd,90,Y,Norm,Norm,SBrkr,0,TA,TA,Wd Sdng,Wd Sdng,None,Gd,1,CBlock,1,Mod,528,2,TA,Unf,TA,Detchd,1957,1392,1,GasA,TA,1Story,1,TA,Lvl,Gtl,11341,Inside,106.4941313,IR1,0,20,RL,180,BrkFace,None,0,5,Sawyer,0,6,5,Y,0,None,CompShg,Hip,Normal,WD,95,Pave,5,1392,AllPub,0,1957,1996,2010
1496,636,0,None,1,1Fam,TA,Gd,1441,0,GLQ,Unf,1,0,Gd,55,Y,Norm,Norm,SBrkr,0,TA,Gd,Wd Sdng,Wd Sdng,None,Gd,1,CBlock,1,Min2,612,2,TA,Fin,Gd,BuiltIn,1983,2132,1,GasA,Ex,1.5Fin,1,Gd,Low,Mod,12327,Inside,79,IR1,0,50,RL,0,None,None,0,9,SawyerW,40,8,8,Y,0,None,CompShg,Gable,Normal,WD,0,Pave,5,1496,AllPub,349,1983,2009,2009
1826,0,0,None,3,1Fam,TA,Gd,1422,0,GLQ,Unf,1,0,Gd,392,Y,Norm,Norm,SBrkr,0,TA,Gd,VinylSd,Other,None,TA,1,PConc,2,Typ,758,3,TA,Fin,TA,Attchd,2005,1826,0,GasA,Ex,1Story,1,Gd,Lvl,Gtl,11302,Inside,69,IR1,0,20,RL,238,BrkFace,None,0,8,StoneBr,75,5,8,Y,0,None,CompShg,Gable,Partial,New,120,Pave,7,1814,AllPub,180,2005,2006,2006
1402,0,0,None,2,TwnhsE,None,None,0,0,None,None,0,2,None,1258,Y,Norm,Norm,SBrkr,0,TA,Gd,VinylSd,VinylSd,None,Gd,1,PConc,0,Typ,648,3,TA,Fin,TA,Attchd,2006,1402,2,GasA,Ex,1Story,1,Gd,Lvl,Gtl,3922,Inside,53,Reg,0,120,RL,72,BrkFace,None,0,2,Blmngtn,16,5,7,Y,0,None,CompShg,Gable,Partial,New,0,Pave,7,1258,AllPub,120,2006,2007,2007
780,595,0,None,3,1Fam,None,None,0,0,None,None,0,0,None,780,Y,Norm,Norm,SBrkr,0,Gd,TA,Wd Sdng,Wd Sdng,None,Gd,1,PConc,1,Typ,544,1,TA,Unf,TA,Detchd,1979,1375,1,GasA,TA,1.5Fin,1,Gd,Bnk,Gtl,9000,Inside,50,Reg,0,50,RM,0,None,None,0,12,IDOTRR,162,6,6,P,0,None,CompShg,Gable,Normal,WD,126,Pave,6,780,AllPub,0,1937,1950,2007
1186,800,0,None,3,1Fam,TA,No,454,0,BLQ,Unf,0,0,TA,314,Y,Norm,Norm,SBrkr,0,TA,TA,HdBoard,HdBoard,None,Fa,3,CBlock,2,Typ,486,2,TA,Unf,TA,Attchd,1965,1986,1,GasA,TA,2Story,1,TA,Lvl,Gtl,13600,Inside,85,Reg,0,60,RL,176,BrkFace,None,0,10,NAmes,42,6,7,Y,0,None,CompShg,Gable,Normal,WD,189,Pave,7,768,AllPub,0,1965,1990,2009
1040,0,0,None,3,1Fam,TA,No,732,0,GLQ,Unf,1,0,Gd,308,Y,Norm,Norm,SBrkr,0,Gd,TA,VinylSd,VinylSd,GdPrv,None,0,PConc,1,Typ,576,2,TA,Unf,TA,Detchd,2000,1040,0,GasA,Gd,1Story,1,Gd,Low,Mod,12464,Corner,82,IR2,0,20,RL,0,None,None,0,11,CollgCr,0,5,5,Y,0,None,CompShg,Gable,Normal,WD,0,Pave,6,1040,AllPub,168,1996,1996,2009
1476,677,0,None,3,1Fam,TA,Mn,904,0,GLQ,Unf,1,0,Ex,536,Y,PosN,Norm,SBrkr,0,TA,Gd,VinylSd,VinylSd,None,Ex,2,PConc,2,Typ,736,3,TA,Fin,TA,Attchd,2000,2153,1,GasA,Ex,2Story,1,Ex,Lvl,Gtl,11050,Inside,105.1189802,Reg,0,60,RL,204,BrkFace,None,0,5,CollgCr,142,5,9,Y,0,None,CompShg,Hip,Normal,WD,0,Pave,8,1440,AllPub,253,2000,2000,2009
1054,0,0,None,3,1Fam,TA,Gd,763,0,GLQ,Unf,1,0,TA,173,Y,Feedr,Norm,SBrkr,0,Gd,TA,MetalSd,MetalSd,MnPrv,None,0,PConc,1,Typ,480,2,TA,RFn,TA,Attchd,1963,1054,0,GasA,Ex,SFoyer,1,Gd,Lvl,Gtl,8800,Inside,80,Reg,0,85,RL,156,BrkFace,None,0,5,NAmes,0,7,6,Y,0,None,CompShg,Gable,Abnorml,WD,0,Pave,6,936,AllPub,120,1963,1963,2010
807,702,0,None,3,1Fam,TA,No,457,0,GLQ,Unf,1,0,Gd,326,Y,Norm,Norm,SBrkr,0,TA,Gd,VinylSd,VinylSd,None,Gd,1,PConc,2,Typ,393,2,TA,Fin,TA,Attchd,2002,1509,1,GasA,Ex,2Story,1,Gd,Lvl,Gtl,7861,Inside,88.66228059,IR1,0,60,RL,0,None,None,0,6,Gilbert,75,5,6,Y,0,None,CompShg,Gable,Normal,WD,0,Pave,7,783,AllPub,100,2002,2003,2006
1828,0,0,None,3,1Fam,TA,Av,48,0,GLQ,Unf,0,0,Ex,1774,Y,Norm,Norm,SBrkr,0,TA,Ex,CemntBd,CmentBd,None,Gd,1,PConc,2,Typ,774,3,TA,Unf,TA,Attchd,2007,1828,0,GasA,Ex,1Story,1,Gd,Lvl,Gtl,11694,Inside,90,Reg,0,20,RL,452,BrkFace,None,0,7,NridgHt,108,5,9,Y,0,None,CompShg,Hip,Partial,New,260,Pave,9,1822,AllPub,0,2007,2007,2007
1116,0,0,None,3,1Fam,None,None,0,0,None,None,0,0,None,1116,Y,Norm,Norm,SBrkr,0,TA,TA,Wd Sdng,Wd Sdng,None,None,0,CBlock,1,Typ,440,2,TA,Unf,TA,Attchd,1962,1116,1,GasA,TA,1Story,1,TA,Lvl,Gtl,10000,Corner,87,IR1,0,20,RL,261,BrkFace,None,0,2,NAmes,0,6,6,Y,0,None,CompShg,Hip,Normal,WD,385,Pave,5,1116,AllPub,0,1962,1962,2010
1422,0,0,None,3,1Fam,None,None,0,0,None,None,0,0,None,978,Y,Norm,Norm,SBrkr,36,TA,TA,Wd Sdng,Wd Sdng,GdWo,TA,1,CBlock,1,Min1,286,1,TA,RFn,TA,Attchd,1960,1422,0,GasA,TA,1Story,1,TA,Lvl,Gtl,12342,Inside,111.0945543,IR1,0,20,RL,0,None,Shed,600,8,NAmes,0,5,5,Y,0,None,CompShg,Hip,Normal,WD,0,Pave,6,978,AllPub,0,1960,1978,2007
1057,872,0,None,3,1Fam,TA,No,738,0,GLQ,Unf,1,0,Gd,319,Y,Norm,Norm,SBrkr,0,TA,Gd,VinylSd,VinylSd,None,TA,1,PConc,2,Typ,650,2,TA,Fin,TA,Attchd,2001,1929,1,GasA,Ex,2Story,1,Gd,Lvl,Gtl,7050,Inside,83.96427812,Reg,0,60,FV,0,None,None,0,5,Somerst,235,5,7,Y,0,None,CompShg,Gable,Normal,WD,0,Pave,7,1057,AllPub,0,2001,2001,2007
780,840,0,None,4,1Fam,TA,No,493,287,Rec,BLQ,0,0,TA,0,Y,RRAn,Norm,SBrkr,0,TA,TA,WdShing,HdBoard,GdWo,None,0,CBlock,2,Min1,462,2,TA,Fin,TA,Attchd,1969,1620,1,GasA,Ex,2Story,1,TA,Lvl,Gtl,10793,Inside,80,Reg,0,60,RL,263,BrkFace,None,0,4,NWAmes,0,5,5,Y,0,None,CompShg,Mansard,Normal,WD,0,Pave,7,780,AllPub,208,1969,1969,2007
1048,0,0,None,3,1Fam,None,None,0,0,None,None,0,0,None,0,Y,Norm,Norm,SBrkr,0,TA,TA,MetalSd,MetalSd,None,None,0,CBlock,1,Min1,420,2,TA,Unf,TA,Detchd,1950,1048,0,GasA,Gd,1Story,1,TA,Lvl,Gtl,7200,Inside,60,Reg,0,20,RL,0,None,None,0,7,NAmes,27,5,5,Y,0,None,CompShg,Hip,Normal,WD,0,Pave,7,0,AllPub,0,1950,1950,2008
1094,0,0,None,3,1Fam,TA,Mn,500,0,Rec,Unf,0,0,TA,594,Y,Norm,Norm,SBrkr,0,TA,TA,Wd Sdng,Wd Sdng,None,Gd,2,CBlock,1,Typ,495,2,TA,RFn,TA,Attchd,1953,1094,0,GasA,Ex,1Story,1,TA,Lvl,Gtl,10452,Inside,85,IR1,0,20,RL,216,Stone,None,0,6,Edwards,0,5,6,Y,0,None,CompShg,Hip,Normal,WD,287,Pave,5,1094,AllPub,0,1953,1953,2008
1051,788,0,None,4,1Fam,None,None,0,0,None,None,0,0,None,756,Y,PosN,Norm,SBrkr,216,TA,TA,MetalSd,MetalSd,None,TA,1,CBlock,1,Typ,442,2,TA,Unf,TA,Attchd,1966,1839,1,GasA,TA,2Story,1,TA,Lvl,Gtl,7700,Inside,70,Reg,0,60,RL,351,BrkFace,None,0,6,NAmes,124,5,6,Y,0,None,CompShg,Gable,Normal,WD,0,Pave,7,756,AllPub,0,1966,1966,2010
755,755,0,None,4,1Fam,None,None,0,0,None,None,1,0,None,755,Y,Artery,Norm,SBrkr,0,TA,TA,MetalSd,MetalSd,MnPrv,Gd,1,CBlock,1,Typ,296,1,Po,Unf,Fa,Detchd,1940,1510,0,GasA,TA,2Story,1,TA,Lvl,Gtl,9084,Inside,60,Reg,0,70,RL,0,None,None,0,10,Edwards,0,5,4,P,0,None,CompShg,Gable,Normal,WD,0,Pave,7,755,AllPub,120,1940,1950,2009
756,713,0,Grvl,3,1Fam,None,None,0,0,None,None,0,0,None,756,Y,Norm,Norm,SBrkr,239,TA,TA,MetalSd,MetalSd,MnPrv,None,0,CBlock,1,Typ,216,1,TA,Unf,TA,Detchd,1906,1469,0,GasA,Ex,1.5Fin,1,TA,Lvl,Gtl,10320,Inside,60,Reg,0,50,RM,0,None,None,0,6,IDOTRR,0,7,6,Y,0,None,CompShg,Gable,Normal,WD,0,Pave,7,756,AllPub,57,1906,1995,2008
1053,0,0,None,3,1Fam,TA,No,806,0,ALQ,Unf,1,0,TA,247,Y,Norm,Norm,SBrkr,0,TA,Gd,HdBoard,HdBoard,MnPrv,None,0,CBlock,1,Typ,312,1,TA,RFn,TA,Attchd,1959,1053,1,GasA,Ex,1Story,1,Gd,Lvl,Gtl,10007,Inside,72,IR1,0,20,RL,54,BrkFace,None,0,8,NAmes,0,7,5,Y,0,None,CompShg,Gable,Normal,WD,0,Pave,5,1053,AllPub,0,1959,2006,2008
1486,0,0,None,3,1Fam,TA,No,637,0,BLQ,Unf,1,0,TA,849,Y,Norm,Norm,SBrkr,0,Gd,TA,MetalSd,MetalSd,MnPrv,None,0,PConc,1,Typ,480,2,TA,Fin,TA,Detchd,1968,1486,0,GasA,Ex,1Story,1,TA,Lvl,Gtl,9937,Corner,75,Reg,0,20,RL,0,None,None,0,3,Edwards,0,7,5,Y,0,None,CompShg,Hip,Normal,WD,0,Pave,7,1486,AllPub,0,1964,1999,2009
1686,762,0,None,4,1Fam,Gd,No,1361,180,GLQ,Rec,1,0,Gd,88,Y,Norm,Norm,SBrkr,0,TA,Gd,VinylSd,VinylSd,None,TA,1,PConc,2,Typ,711,3,TA,RFn,TA,Attchd,1994,2448,1,GasA,Ex,2Story,1,Gd,Lvl,Gtl,46589,CulDSac,52,IR2,0,60,RL,528,BrkFace,None,0,7,NoRidge,76,7,8,Y,0,None,CompShg,Hip,Normal,WD,0,Pave,8,1629,AllPub,517,1994,2005,2009
738,738,0,None,3,1Fam,TA,No,193,0,GLQ,Unf,1,0,Gd,545,Y,Norm,Norm,SBrkr,0,TA,Gd,VinylSd,VinylSd,None,None,0,PConc,2,Typ,540,2,TA,Fin,TA,Attchd,2005,1476,1,GasA,Ex,2Story,1,Gd,Lvl,Gtl,8633,FR2,64,Reg,0,60,RL,0,None,None,0,2,CollgCr,35,5,6,Y,0,None,CompShg,Gable,Normal,WD,0,Pave,7,738,AllPub,100,2005,2005,2009
697,672,0,None,3,1Fam,TA,No,551,0,BLQ,Unf,1,0,TA,121,N,Artery,Norm,SBrkr,0,Gd,TA,Wd Sdng,Wd Sdng,None,None,0,BrkTil,2,Typ,300,1,TA,Unf,TA,Detchd,1930,1369,0,GasA,TA,2Story,1,TA,Lvl,Gtl,6629,Inside,54,Reg,0,70,RH,0,None,None,0,7,Edwards,0,6,6,Y,0,None,CompShg,Gambrel,Normal,WD,0,Pave,6,672,AllPub,147,1925,1950,2009
1136,0,0,None,3,1Fam,TA,No,892,0,Rec,Unf,1,0,TA,244,Y,Norm,Norm,SBrkr,0,TA,TA,HdBoard,HdBoard,None,Gd,1,CBlock,1,Typ,384,1,TA,RFn,TA,Attchd,1965,1136,0,GasA,TA,1Story,1,TA,Lvl,Gtl,9200,Inside,80,Reg,0,20,RL,0,None,None,0,7,NAmes,0,6,6,Y,0,None,CompShg,Gable,Normal,WD,0,Pave,5,1136,AllPub,426,1965,1965,2008
2046,0,0,None,3,1Fam,None,None,0,0,None,None,0,0,None,2046,Y,Norm,Norm,SBrkr,0,TA,Gd,VinylSd,VinylSd,None,Gd,1,PConc,2,Typ,834,3,TA,Fin,TA,Attchd,2008,2046,1,GasA,Ex,1Story,1,Gd,Lvl,Gtl,11844,Inside,80,IR1,0,20,RL,464,Stone,None,0,7,StoneBr,82,5,8,Y,0,None,CompShg,Hip,Partial,New,0,Pave,7,2046,AllPub,322,2008,2008,2009
923,0,0,None,2,TwnhsE,TA,No,543,119,BLQ,BLQ,0,0,Gd,261,Y,Norm,Norm,SBrkr,0,TA,TA,Plywood,Plywood,None,TA,1,CBlock,2,Typ,264,1,TA,RFn,TA,Attchd,1980,923,0,GasA,TA,1Story,1,TA,Lvl,Gtl,8012,Inside,50,Reg,0,120,RL,0,None,None,0,5,SawyerW,0,5,6,Y,0,None,CompShg,Gable,Normal,WD,0,Pave,5,923,AllPub,80,1980,1980,2010
1484,0,144,None,3,1Fam,TA,Av,712,0,GLQ,Unf,1,0,Gd,761,Y,Norm,Norm,SBrkr,0,TA,Gd,VinylSd,VinylSd,None,None,0,PConc,2,Typ,606,2,TA,RFn,TA,Attchd,2004,1484,0,GasA,Ex,1Story,1,Gd,Lvl,Gtl,8400,Inside,70,Reg,0,20,RL,109,BrkFace,None,0,5,CollgCr,35,5,7,Y,0,None,CompShg,Gable,Normal,WD,0,Pave,7,1473,AllPub,0,2004,2005,2010
1824,0,0,None,2,1Fam,TA,Gd,1219,0,GLQ,Unf,1,0,Gd,424,Y,Norm,Norm,SBrkr,0,TA,TA,Plywood,Plywood,None,TA,2,CBlock,2,Typ,739,2,TA,Unf,TA,Attchd,1971,1824,0,GasA,TA,1Story,1,Gd,Low,Sev,115149,CulDSac,59.91111111,IR2,0,20,RL,351,Stone,None,0,6,ClearCr,48,5,7,Y,0,None,CompShg,Gable,Normal,WD,0,Pave,5,1643,AllPub,380,1971,2002,2007
725,754,0,None,3,1Fam,TA,No,533,0,GLQ,Unf,0,0,TA,192,Y,RRAe,Norm,SBrkr,0,TA,Gd,HdBoard,Plywood,None,None,0,CBlock,2,Typ,475,2,TA,RFn,TA,Attchd,1976,1479,1,GasA,Ex,2Story,1,Gd,Lvl,Gtl,13517,CulDSac,59.91111111,IR1,0,60,RL,289,BrkFace,None,0,3,Sawyer,44,8,6,Y,0,None,CompShg,Gable,Normal,WD,0,Pave,6,725,AllPub,0,1976,2005,2010
864,0,0,None,3,1Fam,TA,No,191,0,ALQ,Unf,0,0,TA,673,Y,Norm,Norm,SBrkr,0,Gd,TA,MetalSd,MetalSd,None,None,0,CBlock,1,Typ,463,2,TA,Unf,TA,Detchd,1994,864,0,GasA,Ex,1Story,1,TA,Lvl,Gtl,8120,Inside,70,Reg,0,20,RL,0,None,None,0,7,NAmes,0,7,4,Y,0,None,CompShg,Gable,Normal,WD,0,Pave,5,864,AllPub,0,1970,1970,2009
1680,0,182,None,3,1Fam,TA,No,808,0,GLQ,Unf,1,0,Gd,72,Y,Norm,Norm,SBrkr,0,Gd,Gd,Wd Sdng,Plywood,None,Gd,1,CBlock,2,Typ,540,2,TA,Fin,TA,Attchd,1988,1680,0,GasA,Ex,1Story,1,Gd,Lvl,Gtl,21695,Corner,147.2922265,IR1,0,20,RL,260,BrkFace,None,0,12,Crawfor,44,9,6,Y,0,None,CompShg,Hip,Normal,WD,0,Pave,5,880,AllPub,292,1988,2007,2009
1232,0,0,None,2,1Fam,TA,Av,724,0,GLQ,Unf,1,0,Gd,508,Y,Norm,Norm,SBrkr,0,TA,Gd,VinylSd,VinylSd,None,None,0,PConc,2,Typ,632,2,TA,RFn,TA,Attchd,2007,1232,0,GasA,Ex,1Story,1,Gd,Lvl,Gtl,7314,Inside,64,Reg,0,20,RL,82,Stone,None,0,2,CollgCr,0,5,7,Y,0,None,CompShg,Gable,Normal,WD,0,Pave,6,1232,AllPub,132,2007,2007,2009
1776,0,0,None,4,Duplex,None,None,0,0,None,None,1,0,None,1584,Y,Norm,Norm,SBrkr,0,TA,TA,VinylSd,VinylSd,None,None,0,CBlock,2,Typ,888,3,TA,Unf,TA,Detchd,1968,1776,0,GasA,TA,1Story,2,TA,Lvl,Gtl,11475,Corner,85,Reg,0,90,RL,95,BrkFace,None,0,7,NAmes,25,5,5,Y,0,None,CompShg,Gable,Abnorml,COD,0,Pave,9,1584,AllPub,0,1958,1958,2009
848,0,0,Grvl,2,1Fam,TA,No,152,0,BLQ,Unf,0,0,TA,628,Y,Norm,Norm,FuseA,112,TA,TA,MetalSd,MetalSd,None,None,0,CBlock,1,Typ,539,2,TA,Unf,TA,Detchd,1962,1208,0,GasA,TA,1.5Fin,1,TA,Lvl,Gtl,6240,Inside,52,Reg,360,30,RM,0,None,None,0,1,IDOTRR,23,5,4,Y,0,None,CompShg,Gable,Normal,WD,0,Pave,5,780,AllPub,0,1925,1950,2009
1616,0,0,None,2,TwnhsE,TA,No,1180,0,GLQ,Unf,1,0,Gd,415,Y,Norm,Norm,SBrkr,0,TA,Gd,CemntBd,CmentBd,None,TA,1,PConc,2,Typ,608,2,TA,RFn,TA,Attchd,1995,1616,0,GasA,Ex,1Story,1,Gd,Lvl,Gtl,5389,Inside,39,IR1,0,120,RL,0,None,None,0,3,StoneBr,152,5,8,Y,0,None,CompShg,Gable,Normal,WD,0,Pave,5,1595,AllPub,237,1995,1996,2010
1040,0,0,None,2,Duplex,None,None,0,0,None,None,0,0,None,0,N,Norm,Norm,FuseF,0,TA,TA,Stucco,Stone,None,None,0,CBlock,2,Typ,400,2,TA,Unf,TA,Detchd,1949,1040,0,GasA,Gd,1Story,2,TA,Lvl,Gtl,8544,Inside,60,Reg,0,90,RL,0,None,None,0,7,NAmes,0,4,3,Y,0,None,CompShg,Gable,Normal,WD,0,Pave,6,0,AllPub,0,1950,1950,2006
1337,0,168,None,2,TwnhsE,TA,No,733,0,GLQ,Unf,1,0,Gd,604,Y,Norm,Norm,SBrkr,70,TA,Gd,HdBoard,HdBoard,None,TA,1,PConc,2,Typ,462,2,TA,RFn,TA,Attchd,1993,1337,0,GasA,Gd,1Story,1,Gd,HLS,Gtl,5395,Inside,41,IR1,0,120,RL,0,None,None,0,10,StoneBr,0,5,8,Y,0,None,CompShg,Gable,Normal,WD,0,Pave,5,1337,AllPub,96,1993,1993,2008
980,1276,0,None,4,1Fam,TA,No,300,0,GLQ,Unf,0,0,Gd,652,Y,Norm,Norm,SBrkr,0,TA,Gd,VinylSd,VinylSd,None,TA,1,PConc,2,Typ,554,2,TA,Fin,TA,BuiltIn,2000,2256,1,GasA,Ex,2Story,1,Gd,Lvl,Gtl,8795,Inside,93.78166132,IR1,0,60,RL,0,None,None,0,4,Gilbert,54,5,7,Y,0,None,CompShg,Gable,Normal,WD,0,Pave,8,952,AllPub,224,2000,2000,2009
1026,0,0,None,3,1Fam,TA,No,439,472,GLQ,LwQ,1,0,TA,115,Y,Norm,Norm,SBrkr,0,TA,TA,Plywood,Plywood,None,None,0,CBlock,1,Typ,440,2,TA,RFn,TA,Detchd,1969,1026,0,GasA,Gd,1Story,1,Gd,Lvl,Gtl,7930,Inside,61,Reg,0,20,RL,0,None,None,0,7,NAmes,48,8,6,Y,0,None,CompShg,Gable,Normal,WD,0,Pave,5,1026,AllPub,171,1969,2005,2009
866,902,0,None,3,1Fam,TA,Av,20,0,GLQ,Unf,0,0,Gd,846,Y,Norm,Norm,SBrkr,0,TA,Gd,VinylSd,VinylSd,None,None,0,PConc,2,Typ,578,2,TA,RFn,TA,Attchd,2007,1768,1,GasA,Ex,2Story,1,Gd,Lvl,Gtl,10769,Inside,68,IR1,0,60,RL,0,None,None,0,4,CollgCr,105,5,8,Y,0,None,CompShg,Gable,Normal,WD,0,Pave,7,866,AllPub,144,2007,2007,2009
1328,1203,0,None,4,1Fam,TA,Av,56,64,LwQ,ALQ,0,0,Gd,1198,Y,Norm,Norm,SBrkr,0,TA,Gd,VinylSd,VinylSd,None,TA,1,PConc,2,Typ,752,3,TA,RFn,TA,Attchd,1995,2531,1,GasA,Ex,2Story,1,Gd,Lvl,Gtl,12257,Inside,65,IR1,0,60,RL,513,BrkFace,None,0,11,NoRidge,98,5,8,Y,0,None,CompShg,Gable,Normal,WD,0,Pave,9,1318,AllPub,222,1995,1995,2007
1494,0,0,None,2,TwnhsE,Gd,Av,437,1057,LwQ,GLQ,1,0,Gd,0,Y,Norm,Norm,SBrkr,0,Gd,Gd,BrkFace,BrkFace,None,Gd,1,PConc,1,Typ,481,2,TA,Fin,TA,Attchd,1995,1494,1,GasA,Ex,1Story,1,Ex,Lvl,Gtl,9549,CulDSac,30,IR1,0,120,RL,0,None,None,0,4,Veenker,30,5,8,Y,0,None,CompShg,Hip,Normal,WD,216,Pave,6,1494,AllPub,0,1995,1996,2006
912,0,0,None,2,1Fam,TA,No,456,0,Rec,Unf,0,0,TA,456,Y,Feedr,Norm,FuseA,0,TA,TA,Wd Sdng,Wd Sdng,None,None,0,CBlock,1,Typ,275,1,TA,RFn,TA,Attchd,1958,912,0,GasA,Ex,1Story,1,TA,Lvl,Gtl,10150,Inside,70,Reg,0,20,RL,1,None,None,0,7,NAmes,0,5,5,Y,0,None,CompShg,Gable,Normal,COD,0,Pave,5,912,AllPub,0,1958,1958,2007
1614,0,0,None,3,1Fam,TA,Av,20,0,GLQ,Unf,0,0,Gd,1594,Y,Norm,Norm,SBrkr,0,TA,Gd,VinylSd,VinylSd,None,None,0,PConc,2,Typ,865,3,TA,RFn,TA,Attchd,2005,1614,0,GasA,Ex,1Story,1,Gd,Lvl,Gtl,11210,Inside,86,IR1,0,20,RL,240,BrkFace,None,0,7,CollgCr,59,5,7,Y,0,None,CompShg,Gable,Partial,New,0,Pave,7,1614,AllPub,144,2005,2006,2006
956,1128,0,None,4,1Fam,TA,No,656,0,GLQ,Unf,1,0,Gd,300,Y,Norm,Norm,SBrkr,0,TA,Gd,VinylSd,VinylSd,None,None,0,PConc,2,Typ,618,2,TA,RFn,TA,BuiltIn,2004,2084,1,GasA,Ex,2Story,1,Gd,Lvl,Gtl,10142,Inside,76,IR1,0,60,RL,0,None,None,0,1,SawyerW,45,5,7,Y,0,None,CompShg,Gable,Normal,WD,0,Pave,8,956,AllPub,0,2004,2004,2010
1496,0,0,None,3,1Fam,None,None,0,0,None,None,0,0,None,1496,Y,Norm,Norm,SBrkr,0,TA,Gd,CemntBd,CmentBd,None,None,0,PConc,2,Typ,474,2,TA,Fin,TA,Attchd,2007,1496,0,GasA,Ex,1Story,1,Gd,Lvl,Gtl,9158,Inside,76,Reg,0,20,RL,140,Stone,None,0,6,Somerst,130,5,8,Y,0,None,CompShg,Gable,Partial,New,0,Pave,7,1496,AllPub,168,2007,2007,2007
981,787,0,None,3,1Fam,TA,No,569,0,ALQ,Unf,1,0,Gd,162,Y,Feedr,Norm,SBrkr,264,TA,TA,Wd Sdng,Wd Sdng,MnPrv,TA,2,BrkTil,1,Typ,240,1,TA,Unf,TA,Detchd,1939,1768,1,GasA,Ex,1.5Fin,1,Gd,Lvl,Gtl,7200,Corner,60,Reg,0,50,RL,252,BrkFace,None,0,6,SWISU,0,7,5,Y,0,None,CompShg,Gable,Normal,WD,0,Pave,7,731,AllPub,0,1937,1950,2007
848,0,0,None,1,TwnhsE,TA,Gd,662,0,GLQ,Unf,1,0,Gd,186,Y,Norm,Norm,SBrkr,0,TA,Gd,VinylSd,VinylSd,None,Gd,1,PConc,1,Typ,420,2,TA,Fin,TA,Attchd,2004,848,0,GasA,Ex,1Story,1,Gd,Lvl,Gtl,4438,Inside,66.6183158,Reg,0,120,RM,169,BrkFace,None,0,6,CollgCr,0,5,6,Y,0,None,CompShg,Gable,Normal,ConLD,0,Pave,4,848,AllPub,140,2004,2004,2008
686,564,0,Grvl,3,1Fam,None,None,0,0,None,None,0,1,None,686,Y,Norm,Norm,SBrkr,96,TA,TA,Stucco,Stucco,None,None,0,BrkTil,1,Typ,280,1,TA,Unf,TA,Detchd,1955,1250,1,GasW,Gd,1.5Fin,1,Fa,Lvl,Gtl,8248,Inside,45,Reg,0,50,RL,0,None,None,0,7,Edwards,0,7,5,P,0,None,CompShg,Gable,Normal,WD,0,Pave,7,686,AllPub,207,1918,1950,2006
810,672,0,None,4,1Fam,TA,No,156,0,BLQ,Unf,0,0,TA,516,N,Norm,Norm,SBrkr,254,TA,TA,Wd Sdng,Wd Sdng,None,None,0,BrkTil,2,Typ,400,1,TA,Unf,TA,Detchd,1934,1482,0,GasA,TA,2Story,1,Fa,Lvl,Gtl,12155,Inside,110.2497166,IR1,0,70,RH,0,None,None,0,3,SWISU,0,8,6,P,0,None,CompShg,Gable,Normal,WD,0,Pave,7,672,AllPub,0,1925,1950,2008
958,581,0,Grvl,3,1Fam,None,None,0,0,None,None,0,0,None,650,Y,Norm,Norm,SBrkr,68,TA,TA,MetalSd,MetalSd,None,Po,1,PConc,2,Typ,686,2,TA,Unf,Gd,Detchd,1983,1539,0,GasA,Gd,2Story,1,Gd,Lvl,Gtl,10440,Inside,60,Reg,0,70,RM,0,None,None,0,6,OldTown,78,8,5,P,0,None,CompShg,Gable,Normal,WD,0,Pave,8,650,AllPub,70,1904,2002,2008
864,0,0,None,3,1Fam,TA,Av,460,0,BLQ,Unf,1,0,TA,404,Y,Norm,Norm,SBrkr,0,TA,TA,HdBoard,Plywood,None,Fa,1,CBlock,1,Typ,338,1,TA,Unf,TA,Attchd,1972,864,0,GasA,Ex,1Story,1,TA,Lvl,Gtl,15523,CulDSac,36,IR1,0,20,RL,0,None,None,0,8,CollgCr,0,6,5,Y,0,None,CompShg,Gable,Normal,WD,0,Pave,5,864,AllPub,0,1972,1972,2009
1307,1051,0,None,5,1Fam,None,None,0,0,None,None,0,0,None,907,Y,Norm,Norm,SBrkr,0,TA,TA,Wd Sdng,Wd Sdng,None,Gd,1,BrkTil,3,Typ,360,2,TA,Unf,Fa,Detchd,1908,2358,0,GasA,TA,1.5Fin,1,TA,Bnk,Gtl,45600,Inside,75,IR2,0,50,RL,0,None,None,0,9,ClearCr,40,8,6,Y,0,None,CompShg,Gable,Normal,WD,175,Pave,10,907,AllPub,486,1908,1997,2008
1097,0,0,None,3,1Fam,TA,No,338,0,GLQ,Unf,0,0,Gd,702,Y,Norm,Norm,SBrkr,0,TA,TA,HdBoard,Plywood,GdPrv,None,0,PConc,2,Typ,480,2,TA,Unf,TA,Attchd,1986,1097,0,GasA,TA,1Story,1,TA,Lvl,Gtl,9672,Corner,81,Reg,0,20,RL,0,None,None,0,5,SawyerW,0,5,6,Y,0,None,CompShg,Hip,Normal,WD,0,Pave,6,1040,AllPub,0,1984,1985,2010
1148,0,0,None,3,1Fam,TA,No,1148,0,BLQ,Unf,1,0,TA,0,Y,Norm,Norm,SBrkr,0,TA,TA,BrkFace,Plywood,GdPrv,None,0,CBlock,1,Typ,672,1,TA,Unf,TA,Attchd,1959,1148,0,GasA,TA,1Story,1,TA,Lvl,Gtl,7931,Inside,70,Reg,0,20,RL,0,None,None,0,7,NAmes,0,5,5,Y,0,None,CompShg,Hip,Normal,WD,0,Pave,6,1148,AllPub,0,1959,1959,2009
1062,887,0,None,3,1Fam,TA,No,750,0,GLQ,Unf,1,0,Gd,300,Y,Norm,Norm,SBrkr,0,TA,Gd,MetalSd,MetalSd,GdPrv,TA,1,PConc,2,Typ,574,2,TA,Fin,TA,Attchd,1993,1949,1,GasA,Ex,2Story,1,Gd,Lvl,Gtl,9938,Inside,80,Reg,0,60,RL,246,BrkFace,None,0,6,SawyerW,90,5,7,Y,0,None,CompShg,Gable,Normal,WD,0,Pave,8,1050,AllPub,156,1993,1994,2010
672,252,0,None,3,1Fam,None,None,0,0,None,None,0,0,None,672,Y,Artery,Norm,SBrkr,0,Gd,TA,MetalSd,MetalSd,MnPrv,Po,1,CBlock,1,Typ,576,2,TA,Unf,TA,Detchd,2003,924,0,GasA,Ex,1.5Fin,1,TA,Lvl,Gtl,8064,Corner,60,Reg,0,50,RL,0,None,Shed,2000,7,NAmes,0,7,5,Y,0,None,CompShg,Gable,Normal,WD,0,Pave,6,672,AllPub,0,1949,2006,2007
1383,0,0,None,3,1Fam,TA,Mn,1064,0,BLQ,Unf,1,0,Gd,319,Y,PosN,Norm,SBrkr,0,TA,TA,Wd Sdng,Plywood,GdPrv,Gd,1,PConc,1,Typ,354,1,TA,Unf,TA,Attchd,1954,1383,0,GasA,TA,1Story,1,TA,Lvl,Gtl,13284,Inside,115.2562363,Reg,0,20,RL,0,None,None,0,6,Sawyer,116,5,5,Y,0,None,CompShg,Gable,Normal,WD,0,Pave,6,1383,AllPub,511,1954,1954,2008
858,0,0,None,2,1Fam,TA,No,322,0,ALQ,Unf,0,0,TA,536,Y,Norm,Norm,SBrkr,0,TA,TA,HdBoard,HdBoard,None,None,0,CBlock,1,Typ,684,1,TA,Unf,TA,Detchd,1979,858,0,GasA,TA,1Story,1,TA,Lvl,Gtl,7340,Inside,85.67379996,IR1,0,20,RL,0,None,None,0,6,NAmes,0,6,4,Y,0,None,CompShg,Gable,Normal,WD,0,Pave,4,858,AllPub,0,1971,1971,2007
1670,0,0,None,3,1Fam,None,None,0,0,None,None,0,0,None,1670,Y,Norm,Norm,SBrkr,0,TA,Gd,VinylSd,VinylSd,None,Gd,1,PConc,2,Typ,690,3,TA,RFn,TA,Attchd,2006,1670,0,GasA,Ex,1Story,1,Gd,HLS,Gtl,14859,CulDSac,50,IR1,0,20,RL,27,BrkFace,None,0,8,Gilbert,60,5,7,Y,0,None,CompShg,Hip,Partial,New,0,Pave,7,1670,AllPub,144,2006,2006,2006
1391,571,0,None,3,1Fam,Gd,Mn,464,0,GLQ,Unf,0,0,Gd,927,Y,Norm,Norm,SBrkr,0,TA,Gd,VinylSd,VinylSd,None,None,0,PConc,2,Typ,868,3,TA,RFn,TA,Attchd,2006,1962,1,GasA,Ex,2Story,1,Gd,Lvl,Gtl,8760,Inside,73,Reg,0,60,RL,0,None,None,0,8,CollgCr,90,5,7,Y,0,None,CompShg,Gable,Partial,New,0,Pave,7,1391,AllPub,0,2006,2006,2006
1188,561,0,None,2,1Fam,TA,No,1088,0,LwQ,Unf,0,0,TA,0,Y,Norm,Norm,SBrkr,244,TA,TA,VinylSd,VinylSd,MnWw,None,0,BrkTil,1,Typ,456,2,TA,Unf,TA,Detchd,1963,1869,0,GasA,TA,1.5Fin,1,TA,Lvl,Gtl,8820,Corner,98,Reg,120,50,RM,0,None,None,0,9,OldTown,0,6,5,Y,0,None,CompShg,Hip,Normal,WD,0,Pave,7,1088,AllPub,48,1890,1996,2009
965,0,0,None,3,1Fam,TA,No,641,0,BLQ,Unf,1,0,TA,187,Y,Norm,Norm,SBrkr,0,TA,TA,VinylSd,VinylSd,MnPrv,None,0,CBlock,1,Typ,300,1,TA,Unf,TA,Detchd,1979,965,0,GasA,Gd,1Story,1,TA,Lvl,Gtl,7800,Corner,60,Reg,0,20,RH,0,None,None,0,7,SawyerW,0,5,5,Y,0,None,CompShg,Gable,Abnorml,WD,0,Pave,6,828,AllPub,421,1965,1965,2006
696,720,0,None,3,Twnhs,TA,No,604,0,ALQ,Unf,1,0,Gd,92,Y,Norm,Norm,SBrkr,0,TA,Gd,MetalSd,MetalSd,None,None,0,PConc,2,Typ,484,2,TA,Unf,TA,Detchd,1999,1416,1,GasA,Ex,2Story,1,Gd,Lvl,Gtl,2572,FR2,24,Reg,0,160,FV,0,None,None,0,5,Somerst,44,5,7,Y,0,None,CompShg,Hip,Normal,WD,0,Pave,6,696,AllPub,0,1999,1999,2010
1098,0,0,None,3,1Fam,TA,No,902,0,ALQ,Unf,1,0,TA,196,Y,Norm,Norm,SBrkr,0,TA,TA,Wd Sdng,Wd Sdng,None,None,0,CBlock,1,Typ,260,1,TA,Unf,TA,Attchd,1955,1098,0,GasA,TA,1Story,1,TA,Lvl,Gtl,7390,Inside,85.9651092,IR1,0,20,RL,151,BrkFace,None,0,7,NAmes,0,7,5,Y,0,None,CompShg,Hip,Normal,WD,0,Pave,6,1098,AllPub,0,1955,1955,2008
1136,883,0,None,3,1Fam,None,None,0,0,None,None,0,0,None,728,N,RRAn,Feedr,SBrkr,0,Gd,TA,HdBoard,HdBoard,GdPrv,None,0,BrkTil,1,Typ,532,2,TA,Unf,TA,Detchd,1997,2019,0,GasA,TA,2Story,1,Gd,Lvl,Gtl,11414,Corner,60,IR1,0,70,RL,0,None,None,0,10,BrkSide,135,8,7,Y,0,None,CompShg,Gable,Normal,WD,0,Pave,8,728,AllPub,509,1910,1993,2009
916,826,0,Grvl,4,1Fam,TA,No,216,0,BLQ,Unf,0,0,TA,700,Y,Artery,Norm,SBrkr,0,Gd,Gd,Wd Sdng,Wd Sdng,None,Gd,1,BrkTil,1,Typ,424,2,TA,Unf,TA,Attchd,1925,1742,1,GasA,Gd,2Story,1,Gd,Lvl,Gtl,17671,Corner,121,Reg,0,70,RM,0,None,None,0,11,OldTown,169,9,8,P,0,None,CompShg,Gable,Normal,WD,0,Pave,8,916,AllPub,0,1882,1986,2009
1020,831,0,None,3,1Fam,TA,Gd,536,117,BLQ,Rec,0,0,TA,169,Y,Norm,Norm,SBrkr,0,TA,TA,Wd Sdng,Wd Sdng,MnWw,Fa,1,CBlock,2,Typ,440,2,TA,RFn,TA,Attchd,1964,1851,1,GasA,Gd,2Story,1,Gd,Lvl,Mod,9760,Inside,80,Reg,0,60,RL,340,BrkFace,None,0,7,NAmes,42,8,6,Y,0,None,CompShg,Hip,Normal,WD,0,Pave,7,822,AllPub,239,1964,1993,2007
1504,0,0,None,1,TwnhsE,TA,No,16,0,GLQ,Unf,0,0,Gd,1330,Y,Norm,Norm,SBrkr,0,TA,Gd,VinylSd,VinylSd,None,Gd,1,PConc,2,Typ,457,2,TA,Fin,TA,Attchd,2005,1504,0,GasA,Ex,1Story,1,Gd,Lvl,Gtl,3182,Inside,43,Reg,0,120,RL,16,BrkFace,None,0,5,Blmngtn,0,5,7,Y,0,None,CompShg,Gable,Normal,WD,0,Pave,7,1346,AllPub,156,2005,2006,2009
1710,0,0,None,3,1Fam,None,None,0,0,None,None,0,0,None,1710,Y,Norm,Norm,SBrkr,0,TA,Gd,VinylSd,VinylSd,None,Gd,1,PConc,2,Typ,550,2,TA,Fin,TA,Attchd,2004,1710,0,GasA,Ex,1Story,1,Gd,Lvl,Gtl,12118,CulDSac,43,IR1,0,20,RL,108,Stone,None,0,4,Mitchel,48,5,7,Y,0,None,CompShg,Hip,Normal,WD,180,Pave,7,1710,AllPub,100,2004,2005,2009
1082,0,0,None,2,1Fam,Fa,No,336,0,BLQ,Unf,0,0,TA,746,Y,Artery,Norm,SBrkr,0,TA,TA,MetalSd,MetalSd,None,Gd,1,CBlock,1,Typ,240,1,TA,Unf,TA,Detchd,1948,1082,0,GasA,TA,1Story,1,TA,Lvl,Gtl,11664,Inside,60,Reg,0,20,RL,206,BrkFace,None,0,11,NAmes,130,5,6,Y,0,None,CompShg,Gable,Normal,WD,0,Pave,5,1082,AllPub,0,1948,1950,2007
802,670,0,None,3,1Fam,None,None,0,0,None,None,0,0,None,384,Y,Norm,Norm,SBrkr,0,TA,Gd,HdBoard,HdBoard,None,TA,1,PConc,2,Typ,402,2,TA,RFn,TA,Attchd,1991,1472,1,GasA,Gd,SLvl,1,Gd,Lvl,Gtl,10784,FR2,103.8460399,IR1,0,80,RL,76,BrkFace,None,0,5,Gilbert,0,5,7,Y,0,None,CompShg,Gable,Normal,WD,0,Pave,7,384,AllPub,164,1991,1992,2007
672,546,0,None,3,Twnhs,TA,No,317,0,BLQ,Unf,0,1,TA,355,Y,Norm,Norm,SBrkr,0,TA,TA,HdBoard,HdBoard,None,None,0,CBlock,1,Typ,264,1,TA,Unf,TA,Detchd,1972,1218,1,GasA,Gd,2Story,1,TA,Lvl,Gtl,1680,Inside,21,Reg,0,160,RM,281,BrkFace,None,0,5,BrDale,28,7,6,Y,0,None,CompShg,Gable,Normal,WD,0,Pave,7,672,AllPub,0,1972,1972,2006
1352,1168,0,None,5,1Fam,Gd,No,1012,0,GLQ,Unf,1,0,Gd,326,Y,Norm,Norm,SBrkr,0,Gd,Gd,MetalSd,MetalSd,None,TA,1,PConc,2,Typ,796,3,TA,RFn,TA,Attchd,1993,2520,1,GasA,Ex,2Story,1,Gd,Lvl,Gtl,14541,Corner,120.5860688,IR1,0,60,RL,0,None,None,0,11,NoRidge,55,7,8,Y,0,None,CompShg,Gable,Abnorml,WD,0,Pave,10,1338,AllPub,209,1993,1993,2006
954,0,0,None,2,1Fam,None,None,0,0,None,None,0,0,None,920,Y,Norm,Norm,SBrkr,0,Gd,TA,MetalSd,MetalSd,MnPrv,Gd,1,PConc,1,Typ,240,1,TA,Unf,Fa,Basment,1938,954,0,GasA,Ex,1Story,1,Fa,Bnk,Gtl,6305,Inside,50,Reg,0,30,RL,0,None,None,0,6,Crawfor,0,7,5,Y,0,None,CompShg,Gable,Normal,WD,0,Pave,5,920,AllPub,0,1938,1950,2007
845,0,0,None,3,1Fam,None,None,0,0,None,None,0,0,None,0,N,Norm,Norm,SBrkr,0,Gd,TA,Wd Sdng,Wd Sdng,None,None,0,Slab,1,Typ,290,1,TA,Unf,TA,Detchd,1957,845,0,GasA,Ex,1Story,1,TA,Lvl,Gtl,11500,CulDSac,59.91111111,IR1,0,20,RL,0,None,None,0,1,Edwards,0,3,4,N,0,None,CompShg,Gable,Normal,WD,0,Pave,5,0,AllPub,186,1957,1957,2009
930,0,0,None,2,1Fam,None,None,0,0,None,None,0,0,None,0,Y,Norm,Norm,SBrkr,0,TA,TA,MetalSd,MetalSd,None,None,0,CBlock,1,Typ,308,1,TA,Unf,TA,Detchd,1946,930,0,GasA,Ex,1Story,1,Gd,Low,Gtl,11100,Inside,60,Reg,0,20,RL,0,None,None,0,4,Edwards,0,7,4,Y,0,None,CompShg,Gable,Abnorml,WD,0,Pave,6,0,AllPub,0,1946,2006,2010
1316,0,0,None,3,1Fam,None,None,0,0,None,None,0,0,None,1316,Y,Norm,Norm,SBrkr,0,TA,Gd,VinylSd,VinylSd,None,Gd,1,PConc,2,Typ,440,2,TA,Fin,TA,Attchd,2007,1316,0,GasA,Ex,1Story,1,Gd,Lvl,Gtl,11175,Corner,103,IR1,0,20,RL,0,None,None,0,10,CollgCr,20,5,7,Y,0,None,CompShg,Gable,Partial,New,0,Pave,6,1316,AllPub,0,2007,2007,2007
1127,850,0,None,4,1Fam,TA,No,442,0,Rec,Unf,0,1,TA,374,Y,Artery,Norm,SBrkr,0,TA,TA,VinylSd,VinylSd,GdPrv,TA,1,CBlock,1,Typ,540,2,TA,RFn,TA,Attchd,1964,1977,1,GasA,TA,2Story,1,TA,Lvl,Gtl,9500,Corner,100,Reg,0,60,RL,272,BrkCmn,None,0,6,NAmes,52,6,6,Y,0,None,CompShg,Gable,Normal,WD,0,Pave,9,816,AllPub,0,1964,1978,2007
1526,0,0,None,4,1Fam,TA,Av,383,0,Rec,Unf,0,0,TA,833,Y,Norm,Norm,FuseA,0,TA,TA,HdBoard,HdBoard,None,Gd,1,CBlock,1,Min2,364,1,TA,Unf,TA,Basment,1957,1526,0,GasA,Ex,1Story,1,TA,Lvl,Mod,8562,Inside,68,Reg,0,20,RL,145,Stone,None,0,5,Edwards,78,6,5,Y,0,None,CompShg,Hip,Normal,WD,0,Pave,7,1216,AllPub,116,1957,2002,2010
1364,0,0,None,2,TwnhsE,TA,Av,659,0,GLQ,Unf,1,0,Gd,705,Y,Norm,Norm,SBrkr,0,TA,Gd,VinylSd,VinylSd,None,Gd,1,PConc,2,Typ,484,2,TA,RFn,TA,Attchd,2005,1364,0,GasA,Ex,1Story,1,Gd,Lvl,Gtl,7052,Inside,43,IR1,0,120,RL,240,Stone,None,0,6,NridgHt,36,5,7,Y,0,None,CompShg,Gable,Normal,WD,0,Pave,6,1364,AllPub,192,2005,2005,2006
1096,895,0,None,3,1Fam,TA,Mn,297,557,Rec,LwQ,0,0,TA,0,Y,Norm,Norm,SBrkr,19,TA,TA,MetalSd,MetalSd,None,Gd,1,CBlock,1,Typ,432,2,Fa,Unf,TA,Detchd,1977,1991,1,GasA,TA,1.5Fin,1,TA,HLS,Mod,11275,Corner,106.1838029,IR1,0,50,RL,480,BrkFace,None,0,3,Crawfor,0,7,6,Y,0,None,CompShg,Gable,Normal,WD,0,Pave,7,854,AllPub,0,1932,1950,2007
1422,915,0,Grvl,5,2fmCon,None,None,0,0,None,None,0,0,None,662,N,Norm,Norm,SBrkr,0,TA,TA,Wd Sdng,Wd Sdng,None,None,0,BrkTil,2,Min2,560,2,TA,Unf,TA,Detchd,1945,2337,0,GasA,TA,2Story,2,TA,Lvl,Gtl,13600,Inside,85,Reg,0,190,RM,0,None,None,0,9,OldTown,57,5,5,Y,0,None,CompShg,Gable,Normal,WD,0,Pave,10,662,AllPub,0,1900,1950,2007
698,728,0,None,3,1Fam,TA,No,535,0,BLQ,Unf,0,0,TA,155,Y,Norm,Norm,SBrkr,0,TA,TA,HdBoard,Plywood,MnPrv,None,0,CBlock,1,Typ,440,2,TA,Fin,TA,Attchd,1977,1426,1,GasA,TA,2Story,1,TA,Bnk,Gtl,7950,Corner,75,IR1,0,60,RL,140,BrkFace,None,0,7,Edwards,0,6,6,Y,0,None,CompShg,Hip,Normal,WD,0,Pave,6,690,AllPub,252,1977,1977,2009
1096,0,0,None,3,1Fam,TA,Mn,75,791,BLQ,Rec,1,0,TA,230,Y,Norm,Norm,SBrkr,0,TA,TA,VinylSd,Plywood,None,None,0,CBlock,1,Typ,299,1,TA,Fin,TA,Attchd,1969,1096,0,GasA,Ex,1Story,1,TA,Lvl,Gtl,15870,Corner,125.9761882,IR1,0,20,RL,0,None,None,0,3,NAmes,32,5,5,Y,0,None,CompShg,Gable,Abnorml,WD,0,Pave,6,1096,AllPub,240,1969,1969,2006
990,0,0,None,3,1Fam,TA,No,495,0,GLQ,Unf,0,0,Gd,495,Y,Norm,Norm,SBrkr,0,TA,TA,VinylSd,VinylSd,None,None,0,PConc,1,Typ,299,1,TA,Unf,TA,Attchd,1996,990,0,GasA,Gd,1Story,1,TA,Lvl,Gtl,8775,Inside,65,Reg,0,20,RL,0,None,None,0,4,CollgCr,64,5,5,Y,0,None,CompShg,Gable,Normal,WD,0,Pave,5,990,AllPub,0,1994,1994,2007
1390,304,0,None,4,1Fam,TA,No,423,0,Rec,Unf,0,0,TA,758,Y,Norm,Norm,SBrkr,128,TA,TA,MetalSd,MetalSd,None,Gd,1,PConc,2,Typ,576,2,TA,Unf,TA,Detchd,1925,1694,0,GasA,Fa,1.5Fin,1,TA,Bnk,Gtl,8400,Inside,60,Reg,0,50,RL,0,None,None,0,6,SWISU,0,5,6,Y,0,None,CompShg,Gable,Normal,WD,0,Pave,7,1181,AllPub,342,1925,1950,2008
1200,0,0,None,1,1Fam,TA,Mn,661,0,GLQ,Unf,1,0,TA,203,Y,Feedr,Norm,SBrkr,0,TA,TA,MetalSd,MetalSd,MnPrv,None,0,CBlock,1,Typ,884,2,TA,Unf,TA,Detchd,1977,1200,1,GasA,Gd,1Story,1,Gd,Lvl,Gtl,9230,Corner,71,Reg,0,20,RL,166,BrkFace,None,0,10,NAmes,64,8,5,Y,0,None,CompShg,Hip,Normal,WD,0,Pave,6,864,AllPub,0,1965,1998,2006
1314,0,0,None,3,1Fam,TA,No,24,0,GLQ,Unf,0,0,Gd,1290,Y,Norm,Norm,SBrkr,0,TA,Gd,VinylSd,VinylSd,None,Gd,1,PConc,2,Typ,440,2,TA,RFn,TA,Attchd,2006,1314,0,GasA,Gd,1Story,1,Gd,Lvl,Gtl,9317,Inside,78,IR1,0,20,RL,0,None,None,0,3,CollgCr,22,5,6,Y,0,None,CompShg,Gable,Normal,WD,0,Pave,6,1314,AllPub,0,2006,2006,2007
1500,1122,0,None,3,1Fam,TA,Av,1032,0,GLQ,Unf,1,0,Ex,431,Y,Norm,Norm,SBrkr,0,TA,Gd,HdBoard,HdBoard,None,TA,2,PConc,2,Typ,712,2,TA,RFn,TA,Attchd,1994,2622,1,GasA,Ex,2Story,1,Gd,Lvl,Gtl,12256,Corner,98,IR1,0,60,RL,362,BrkFace,None,0,4,NoRidge,32,5,8,Y,0,None,CompShg,Gable,Normal,WD,0,Pave,9,1463,AllPub,186,1994,1995,2010
1442,0,0,None,3,1Fam,TA,Mn,738,0,GLQ,Unf,1,0,Gd,172,Y,Feedr,Norm,SBrkr,0,TA,Gd,HdBoard,HdBoard,None,TA,1,PConc,2,Typ,719,2,TA,Fin,TA,Attchd,1990,1442,0,GasA,Gd,1Story,1,Gd,Lvl,Gtl,10357,Corner,114,IR1,0,20,RL,0,None,None,0,5,SawyerW,244,5,7,Y,0,None,CompShg,Hip,Normal,WD,0,Pave,6,910,AllPub,0,1990,1991,2007
773,885,0,None,3,1Fam,TA,No,219,0,GLQ,Unf,1,0,Gd,554,Y,Norm,Norm,SBrkr,0,TA,TA,HdBoard,HdBoard,None,TA,1,PConc,2,Typ,431,2,TA,Fin,TA,Attchd,1995,1658,1,GasA,Gd,2Story,1,TA,Lvl,Gtl,8000,Inside,89.4427191,Reg,0,60,RL,0,None,None,0,6,Gilbert,84,5,6,Y,0,None,CompShg,Gable,Normal,WD,0,Pave,8,773,AllPub,224,1995,1996,2008
1098,866,0,None,4,1Fam,TA,No,403,0,ALQ,Unf,0,0,TA,400,Y,Norm,Norm,SBrkr,0,TA,TA,Plywood,Plywood,None,Gd,1,CBlock,2,Typ,483,2,TA,RFn,TA,Attchd,1976,1964,1,GasA,TA,2Story,1,TA,Lvl,Gtl,10480,Inside,80,Reg,0,60,RL,660,BrkFace,None,0,9,NWAmes,69,6,7,Y,0,None,CompShg,Hip,Normal,WD,0,Pave,8,803,AllPub,0,1976,1976,2008
1008,0,0,None,2,1Fam,TA,No,643,0,BLQ,Unf,1,0,TA,365,Y,Norm,Norm,SBrkr,0,TA,TA,Wd Sdng,Wd Sdng,None,None,0,CBlock,1,Typ,240,1,TA,Unf,TA,Attchd,1953,1008,0,GasA,Gd,1Story,1,Gd,Lvl,Gtl,8923,Inside,66,Reg,0,20,RL,0,None,None,0,5,NAmes,18,7,5,Y,0,None,CompShg,Gable,Normal,WD,0,Pave,6,1008,AllPub,0,1953,2006,2007
1021,580,0,None,3,1Fam,None,None,0,0,None,None,0,1,None,533,Y,Norm,Norm,SBrkr,0,Gd,TA,MetalSd,MetalSd,None,None,0,CBlock,1,Min2,300,1,TA,RFn,TA,BuiltIn,1958,1601,0,GasA,TA,SLvl,1,TA,Lvl,Gtl,13825,Inside,85,Reg,0,80,RL,0,None,None,0,12,Sawyer,34,6,5,Y,0,None,CompShg,Gable,Normal,WD,0,Pave,6,533,AllPub,280,1958,1987,2008
1040,0,0,None,3,1Fam,TA,No,369,0,LwQ,Unf,0,0,TA,671,Y,Norm,Norm,FuseA,252,TA,TA,BrkFace,Wd Sdng,GdWo,None,0,CBlock,1,Typ,286,1,TA,RFn,TA,Attchd,1959,1040,0,GasA,TA,1Story,1,TA,Lvl,Gtl,7560,Inside,70,Reg,0,20,RL,0,None,None,0,7,NAmes,0,5,5,Y,0,None,CompShg,Gable,Normal,WD,0,Pave,6,1040,AllPub,140,1959,1959,2006
847,1112,0,None,4,1Fam,None,None,0,0,None,None,0,0,None,847,Y,Norm,Norm,SBrkr,0,TA,Gd,VinylSd,VinylSd,None,Gd,1,PConc,2,Typ,434,2,TA,Fin,TA,BuiltIn,2004,1959,1,GasA,Ex,2Story,1,Gd,Lvl,Gtl,11796,Inside,59,IR1,0,60,RL,0,None,None,0,7,Gilbert,48,5,7,Y,0,None,CompShg,Gable,Normal,WD,0,Pave,8,847,AllPub,100,2004,2005,2007
1178,1032,0,None,5,1Fam,None,None,0,0,None,None,0,0,None,1008,Y,Norm,Norm,SBrkr,0,TA,TA,Wd Sdng,Wd Sdng,None,None,0,BrkTil,2,Typ,205,1,TA,Unf,Fa,Detchd,1930,2210,0,GasW,TA,2Story,1,Fa,Lvl,Gtl,9900,Inside,90,Reg,0,70,RM,0,None,None,0,5,OldTown,48,4,6,N,0,None,CompShg,Gable,Normal,WD,0,Pave,8,1008,AllPub,0,1880,1950,2007
1142,878,0,None,3,1Fam,TA,No,584,0,GLQ,Unf,0,0,Gd,544,Y,Norm,Norm,SBrkr,0,TA,Gd,VinylSd,VinylSd,None,TA,1,PConc,2,Typ,466,2,TA,RFn,TA,Attchd,1995,2020,1,GasA,Ex,2Story,1,Gd,Lvl,Gtl,9828,Inside,80,IR1,0,60,RL,0,None,None,0,6,SawyerW,155,5,8,Y,0,None,CompShg,Gable,Normal,WD,0,Pave,8,1128,AllPub,0,1995,1995,2009
986,0,0,None,2,1Fam,None,None,0,0,None,None,0,0,None,960,N,Norm,Norm,SBrkr,0,TA,TA,Wd Sdng,Wd Sdng,None,Gd,1,BrkTil,1,Typ,180,1,TA,Unf,TA,Detchd,1926,986,0,GasA,TA,1Story,1,TA,Lvl,Gtl,6180,Corner,60,Reg,0,30,RM,0,None,None,0,5,BrkSide,128,5,6,Y,0,None,CompShg,Gable,Normal,WD,0,Pave,5,960,AllPub,0,1926,1950,2007
902,918,0,None,4,1Fam,TA,Gd,454,0,ALQ,Unf,0,0,TA,410,Y,Norm,Norm,SBrkr,0,TA,TA,VinylSd,VinylSd,GdPrv,Gd,2,CBlock,1,Typ,492,2,TA,Unf,TA,Attchd,1965,1820,2,GasA,TA,2Story,1,Gd,Lvl,Gtl,13700,Inside,117.0469991,IR1,0,60,RL,288,Stone,None,0,5,NAmes,84,6,7,Y,0,None,CompShg,Gable,Normal,WD,273,Pave,8,864,AllPub,60,1965,1988,2008
1265,0,96,None,3,1Fam,TA,Gd,633,0,ALQ,Unf,0,1,TA,586,Y,Norm,Norm,SBrkr,0,Gd,TA,BrkFace,BrkFace,MnPrv,Gd,1,PConc,2,Typ,502,2,TA,RFn,TA,Attchd,1965,1265,0,GasA,Gd,SLvl,1,Gd,Lvl,Gtl,9350,Inside,85,Reg,0,80,RL,0,None,None,0,10,NAmes,92,8,5,Y,0,None,CompShg,Gable,Normal,WD,0,Pave,6,1219,AllPub,0,1965,1999,2008
1580,0,0,None,3,1Fam,None,None,0,0,None,None,0,0,None,1580,Y,Feedr,Norm,SBrkr,0,TA,Gd,VinylSd,VinylSd,None,None,0,PConc,2,Typ,830,3,TA,RFn,TA,Attchd,2008,1580,0,GasA,Ex,1Story,1,Gd,Lvl,Gtl,11932,FR2,92,Reg,0,20,RL,186,Stone,None,0,6,Somerst,24,5,8,Y,0,None,CompShg,Gable,Partial,ConLD,0,Pave,7,1580,AllPub,0,2007,2008,2008
1236,872,0,None,4,1Fam,TA,No,626,0,Rec,Unf,0,0,TA,501,Y,Norm,Norm,SBrkr,0,TA,TA,Stucco,Stucco,None,TA,2,CBlock,2,Typ,540,2,TA,Unf,TA,Basment,1935,2108,0,GasA,Ex,2Story,1,Gd,Lvl,Gtl,13728,Corner,120,Reg,0,70,RL,0,None,None,0,7,Edwards,0,7,6,Y,0,None,CompShg,Hip,Normal,WD,90,Pave,7,1127,AllPub,0,1935,1986,2008
1831,1796,0,None,4,1Fam,TA,Gd,1387,0,GLQ,Unf,1,0,Ex,543,Y,Norm,Norm,SBrkr,0,Gd,Gd,HdBoard,HdBoard,None,TA,1,PConc,3,Typ,807,3,TA,Fin,TA,Attchd,1995,3627,1,GasA,Ex,2Story,1,Gd,Lvl,Gtl,35760,CulDSac,118,IR1,0,60,RL,1378,BrkFace,None,0,7,NoRidge,76,5,10,Y,0,None,CompShg,Hip,Normal,WD,0,Pave,10,1930,AllPub,361,1995,1996,2006
1572,0,0,None,3,1Fam,TA,Gd,1159,0,Rec,Unf,1,0,TA,413,Y,Norm,Norm,SBrkr,0,TA,TA,MetalSd,MetalSd,None,TA,2,CBlock,1,Typ,995,3,TA,RFn,TA,2Types,1963,1572,1,GasA,Gd,1Story,1,TA,Lvl,Mod,35133,Inside,50,Reg,0,20,RL,226,BrkFace,None,0,5,Timber,263,4,5,Y,0,None,CompShg,Hip,Normal,WD,263,Grvl,5,1572,AllPub,0,1963,1963,2007
1014,685,0,None,3,2fmCon,TA,Mn,440,0,BLQ,Unf,1,0,Fa,538,Y,Artery,Artery,SBrkr,0,TA,TA,HdBoard,HdBoard,None,None,0,CBlock,2,Typ,420,2,Fa,Unf,Fa,CarPort,1920,1699,0,GasA,TA,2Story,2,TA,Bnk,Mod,10615,Corner,107,IR1,0,190,RL,0,None,None,0,8,OldTown,74,5,3,Y,0,None,CompShg,Gable,Abnorml,WD,0,Pave,7,978,AllPub,0,1900,1970,2009
842,630,0,Grvl,3,1Fam,None,None,0,0,None,None,0,0,None,702,Y,Norm,Norm,SBrkr,84,TA,TA,VinylSd,VinylSd,GdWo,None,0,PConc,1,Typ,250,1,Fa,Unf,TA,Detchd,1925,1472,0,GasA,Gd,1.5Fin,1,Gd,Lvl,Gtl,9600,Inside,60,Reg,0,50,RM,0,None,None,0,7,OldTown,0,8,5,P,0,None,CompShg,Gambrel,Normal,WD,0,Pave,6,702,AllPub,0,1925,1994,2007
884,464,0,None,3,1Fam,None,None,0,0,None,None,1,0,None,884,Y,Norm,Norm,SBrkr,208,TA,TA,Wd Sdng,Wd Sdng,None,Fa,1,BrkTil,1,Typ,216,1,TA,Unf,TA,Detchd,1960,1348,0,GasA,Ex,1.5Fin,1,TA,Lvl,Gtl,6000,Corner,50,Reg,0,50,RM,0,None,None,0,5,BrkSide,0,8,5,N,0,None,CompShg,Gable,Normal,WD,0,Pave,5,884,AllPub,0,1925,1997,2009
1660,0,0,None,3,1Fam,TA,Mn,1220,0,GLQ,Unf,1,0,Ex,440,Y,RRNn,Norm,SBrkr,0,TA,Gd,VinylSd,VinylSd,None,Gd,1,PConc,2,Typ,500,2,TA,RFn,TA,Attchd,2006,1660,0,GasA,Ex,1Story,1,Gd,Lvl,Gtl,10182,CulDSac,85,IR1,0,20,RL,420,Stone,None,0,5,Somerst,50,5,8,Y,0,None,CompShg,Hip,Partial,New,0,Pave,8,1660,AllPub,322,2006,2006,2006
1055,790,0,None,3,1Fam,None,None,0,0,None,None,0,0,None,1055,Y,Norm,Norm,SBrkr,0,TA,Gd,Wd Sdng,Wd Sdng,GdPrv,TA,1,PConc,2,Typ,462,2,TA,RFn,TA,Attchd,1992,1845,1,GasA,Ex,2Story,1,Gd,Lvl,Gtl,11218,Inside,70,Reg,0,60,RL,0,None,Shed,400,5,SawyerW,104,5,6,Y,0,None,CompShg,Gable,Normal,WD,0,Pave,8,1055,AllPub,635,1992,1992,2010
672,0,0,None,2,1Fam,TA,No,344,0,Rec,Unf,1,0,TA,328,Y,Norm,Norm,SBrkr,0,TA,TA,MetalSd,MetalSd,None,None,0,CBlock,1,Typ,234,1,TA,Unf,TA,Attchd,1941,672,0,GasA,TA,1Story,1,TA,Lvl,Gtl,9340,Inside,50,Reg,0,30,RL,0,None,None,0,8,Edwards,113,6,4,N,0,None,CompShg,Hip,Normal,WD,0,Pave,4,672,AllPub,0,1941,1950,2009
894,0,0,None,3,1Fam,TA,No,180,374,Rec,LwQ,0,0,TA,340,Y,Norm,Norm,SBrkr,0,TA,TA,VinylSd,VinylSd,MnPrv,None,0,CBlock,1,Typ,384,1,TA,RFn,TA,Detchd,1966,894,0,GasA,TA,1Story,1,TA,Lvl,Gtl,7094,Inside,99,IR1,0,20,RL,0,None,None,0,5,Sawyer,0,5,5,Y,0,None,CompShg,Gable,Normal,WD,0,Pave,5,894,AllPub,0,1966,1966,2007
1318,584,0,None,4,Duplex,None,None,0,0,None,None,0,0,None,0,Y,RRAe,Norm,SBrkr,0,TA,TA,VinylSd,VinylSd,None,None,0,Slab,2,Typ,539,2,TA,Unf,TA,Attchd,1978,1902,0,GasA,TA,1.5Fin,2,TA,Lvl,Gtl,8930,Inside,68,Reg,0,90,RM,0,None,None,0,4,Sawyer,0,5,6,Y,0,None,CompShg,Gable,Normal,WD,0,Pave,8,0,AllPub,0,1978,1978,2010
1168,678,0,None,3,1Fam,TA,Mn,196,0,Rec,Unf,0,0,TA,844,Y,Artery,Norm,SBrkr,0,TA,TA,Wd Sdng,Wd Sdng,GdWo,Gd,1,CBlock,2,Typ,315,1,TA,Unf,TA,Attchd,1949,1846,0,GasA,Ex,1.5Fin,1,TA,Lvl,Gtl,10496,Inside,78,Reg,0,50,RL,320,BrkFace,None,0,1,NAmes,0,6,6,Y,0,None,CompShg,Gable,Normal,WD,0,Pave,7,1040,AllPub,0,1949,1950,2007
894,1039,0,None,4,1Fam,None,None,0,0,None,None,0,0,None,894,Y,Feedr,Norm,SBrkr,0,TA,Gd,VinylSd,VinylSd,None,Gd,1,PConc,2,Typ,668,3,TA,Fin,TA,BuiltIn,2007,1933,1,GasA,Ex,2Story,1,Gd,Lvl,Gtl,14598,CulDSac,86,IR1,0,60,RL,74,Stone,None,0,1,Somerst,18,5,6,Y,0,None,CompShg,Gable,Normal,WD,0,Pave,9,894,AllPub,100,2007,2007,2008
1507,0,0,None,4,1Fam,TA,No,666,0,ALQ,Unf,0,0,TA,409,Y,Norm,Norm,SBrkr,0,TA,TA,BrkFace,HdBoard,GdWo,None,0,CBlock,2,Maj1,404,1,TA,Unf,TA,Basment,1960,1507,0,GasA,Gd,SLvl,1,TA,Lvl,Gtl,7910,Inside,70,Reg,0,80,RL,0,None,None,0,8,NAmes,0,5,5,Y,0,None,CompShg,Hip,Normal,WD,0,Pave,7,1075,AllPub,0,1960,1960,2008
1224,0,0,None,2,Duplex,None,None,0,0,None,None,0,0,None,0,Y,Norm,Norm,SBrkr,0,TA,TA,HdBoard,HdBoard,None,None,0,Slab,2,Typ,462,2,TA,Unf,TA,CarPort,1962,1224,0,GasA,TA,1Story,2,TA,Lvl,Gtl,9842,FR2,70,Reg,0,90,RL,0,None,None,0,3,NAmes,0,5,4,Y,0,None,CompShg,Gable,Normal,WD,0,Pave,6,0,AllPub,0,1962,1962,2007
1173,0,0,None,3,1Fam,TA,Gd,885,168,GLQ,LwQ,1,0,Gd,0,Y,Norm,Norm,SBrkr,0,TA,TA,Plywood,Plywood,MnPrv,TA,2,CBlock,2,Typ,528,2,TA,RFn,TA,Attchd,1974,1173,0,GasA,TA,SFoyer,1,Gd,Lvl,Gtl,10625,Inside,85,Reg,0,85,RL,81,BrkFace,None,0,1,NWAmes,120,6,7,Y,0,None,CompShg,Gable,Family,WD,0,Pave,6,1053,AllPub,0,1974,1974,2010
792,725,0,None,3,1Fam,None,None,0,0,None,None,0,0,None,792,Y,Norm,Norm,SBrkr,0,TA,TA,BrkFace,Stucco,None,Gd,2,PConc,1,Typ,400,2,TA,Unf,TA,Detchd,1931,1517,0,GasA,Fa,2Story,1,Gd,HLS,Mod,11435,Corner,106.9345594,IR1,0,70,RL,0,None,None,0,6,Crawfor,0,7,8,Y,0,None,CompShg,Gable,Normal,WD,0,Pave,7,792,AllPub,0,1929,1950,2006
756,797,0,None,3,1Fam,None,None,0,0,None,None,0,0,None,756,Y,Norm,Norm,SBrkr,0,TA,Gd,VinylSd,VinylSd,None,None,0,PConc,2,Typ,615,2,TA,RFn,TA,Attchd,2005,1553,1,GasA,Ex,2Story,1,Gd,Lvl,Gtl,8125,Inside,65,Reg,0,60,FV,0,None,None,0,3,Somerst,45,5,7,Y,0,None,CompShg,Gable,Partial,New,0,Pave,6,756,AllPub,0,2005,2006,2006
1104,684,0,None,5,1Fam,None,None,0,0,None,None,1,0,None,1104,Y,Norm,Norm,FuseA,0,TA,TA,Wd Sdng,Wd Sdng,None,TA,2,CBlock,1,Min2,304,1,TA,Unf,TA,Attchd,1957,1788,0,GasA,Ex,1.5Fin,1,TA,Lvl,Gtl,11250,Inside,106.0660172,Reg,0,50,RL,0,None,None,0,11,ClearCr,0,5,4,Y,0,None,CompShg,Gable,Normal,WD,0,Pave,8,1104,AllPub,120,1957,1989,2009
964,925,0,None,4,2fmCon,None,None,0,0,None,None,0,0,None,925,N,Feedr,Norm,FuseF,264,TA,Fa,Wd Sdng,Wd Sdng,MnPrv,Gd,1,CBlock,1,Typ,308,1,TA,Unf,TA,Detchd,1960,1889,1,GasA,TA,2.5Unf,2,TA,Bnk,Gtl,10120,Inside,60,IR1,0,190,RM,0,None,None,0,1,OldTown,0,4,7,N,0,None,CompShg,Hip,Normal,WD,0,Pave,9,925,AllPub,0,1910,1950,2007
1332,192,0,None,0,1Fam,TA,Gd,1258,0,GLQ,Unf,2,0,Gd,74,Y,Norm,Norm,SBrkr,0,TA,Gd,Plywood,Plywood,None,TA,1,PConc,0,Typ,586,2,TA,Fin,TA,Attchd,1979,1524,1,GasA,TA,1Story,1,Gd,Low,Sev,23595,Inside,153.6066405,Reg,0,40,RL,0,None,None,0,4,ClearCr,0,6,7,Y,0,None,WdShake,Shed,Normal,WD,0,Pave,4,1332,AllPub,268,1979,1979,2010
1357,0,0,None,2,1Fam,TA,Av,719,0,ALQ,Unf,1,0,TA,300,Y,Norm,Norm,SBrkr,0,TA,TA,Plywood,Plywood,GdPrv,Gd,1,CBlock,1,Typ,312,1,TA,RFn,TA,Basment,1959,1357,0,GasA,Gd,SLvl,1,Ex,Lvl,Gtl,11512,Corner,124,IR1,0,80,RL,84,BrkFace,None,0,5,Edwards,0,7,6,Y,0,None,CompShg,Gable,Normal,WD,163,Pave,5,1019,AllPub,0,1959,2006,2008
735,660,0,None,3,1Fam,Gd,No,593,0,BLQ,Unf,0,1,TA,130,Y,Norm,Norm,SBrkr,0,TA,TA,HdBoard,Plywood,None,TA,1,CBlock,1,Typ,497,2,TA,Unf,TA,Attchd,1972,1395,1,GasA,TA,2Story,1,TA,Lvl,Gtl,12936,CulDSac,59.91111111,IR1,0,60,RL,0,None,None,0,12,NWAmes,116,6,6,Y,0,None,CompShg,Gable,Normal,WD,0,Pave,6,723,AllPub,294,1972,1972,2009
1128,903,0,None,3,1Fam,TA,No,804,0,GLQ,Unf,1,0,Gd,324,Y,Norm,Norm,SBrkr,0,TA,Gd,VinylSd,VinylSd,None,Gd,1,PConc,2,Typ,577,2,TA,RFn,TA,Attchd,2002,2031,1,GasA,Ex,2Story,1,Gd,Lvl,Gtl,9473,Inside,75,Reg,0,60,RL,0,None,None,0,3,CollgCr,211,5,8,Y,0,None,CompShg,Gable,Normal,WD,0,Pave,7,1128,AllPub,0,2002,2002,2008
1328,0,0,None,3,1Fam,TA,No,569,81,ALQ,Rec,1,0,TA,678,Y,Feedr,Norm,SBrkr,0,TA,TA,HdBoard,HdBoard,None,Gd,2,CBlock,1,Typ,528,2,TA,Unf,TA,Attchd,1963,1328,1,GasA,TA,1Story,1,TA,Lvl,Gtl,9790,Inside,98.94442885,Reg,0,20,RL,451,BrkFace,None,0,6,NWAmes,26,5,6,Y,0,None,CompShg,Hip,Normal,WD,0,Pave,6,1328,AllPub,0,1963,1963,2010
1120,850,0,None,3,1Fam,None,None,0,0,None,None,0,0,None,1085,Y,Norm,Norm,SBrkr,0,TA,Gd,VinylSd,VinylSd,None,Gd,1,PConc,2,Typ,753,3,TA,Fin,TA,BuiltIn,2006,1970,1,GasA,Ex,2Story,1,Ex,Lvl,Gtl,11065,Inside,86,IR1,0,60,RL,788,Stone,None,0,10,NridgHt,74,5,8,Y,0,None,CompShg,Gable,Partial,New,0,Pave,8,1085,AllPub,177,2006,2006,2006
1005,978,0,None,3,1Fam,TA,No,694,0,GLQ,Unf,0,0,Gd,284,Y,Norm,Norm,SBrkr,0,TA,Gd,VinylSd,VinylSd,None,TA,1,PConc,2,Typ,490,2,TA,Fin,TA,Attchd,1999,1983,1,GasA,Ex,2Story,1,Gd,Lvl,Gtl,10762,CulDSac,59.91111111,IR1,0,60,RL,344,None,None,0,5,Gilbert,0,5,7,Y,0,None,CompShg,Gable,Normal,WD,0,Pave,9,978,AllPub,0,1999,1999,2009
1203,1323,0,None,4,1Fam,TA,No,740,0,GLQ,Unf,1,0,Gd,425,Y,Norm,Norm,SBrkr,0,TA,Gd,VinylSd,VinylSd,None,TA,1,PConc,2,Typ,844,3,TA,RFn,TA,Attchd,1994,2526,1,GasA,Ex,2Story,1,Gd,Lvl,Gtl,10120,Inside,92,Reg,0,60,RL,391,BrkFace,None,0,12,NoRidge,78,5,8,Y,0,None,CompShg,Hip,Normal,WD,0,Pave,8,1165,AllPub,309,1994,1994,2006
990,0,0,None,3,1Fam,Gd,No,746,0,ALQ,Unf,1,0,Gd,244,Y,Norm,Norm,SBrkr,0,Gd,TA,VinylSd,VinylSd,None,None,0,PConc,1,Typ,480,2,TA,Unf,TA,Detchd,2000,990,0,GasA,Ex,1Story,1,TA,Lvl,Gtl,8072,Inside,60,Reg,0,20,RL,0,None,None,0,5,CollgCr,64,5,5,Y,0,None,CompShg,Gable,Normal,WD,0,Pave,5,990,AllPub,0,1994,1995,2009
1902,0,0,None,3,1Fam,TA,Av,1406,0,GLQ,Unf,1,0,Gd,496,Y,PosA,Norm,SBrkr,162,Gd,Gd,BrkFace,HdBoard,None,TA,2,PConc,2,Typ,567,2,TA,Fin,TA,Attchd,1959,1902,0,GasA,TA,1Story,1,Ex,Lvl,Gtl,17500,Inside,100,Reg,0,20,RL,0,None,None,0,5,Crawfor,207,8,7,Y,0,None,CompShg,Gable,Normal,WD,0,Pave,7,1902,AllPub,0,1959,2002,2010
1352,0,0,Pave,2,TwnhsE,None,None,0,0,None,None,0,0,None,1352,Y,Norm,Norm,SBrkr,0,TA,Gd,VinylSd,VinylSd,None,Gd,1,PConc,2,Typ,466,2,TA,RFn,TA,Attchd,2006,1352,0,GasA,Ex,1Story,1,Gd,Lvl,Gtl,4230,Corner,47,Reg,0,120,FV,0,None,None,0,4,Somerst,241,5,7,Y,0,None,CompShg,Gable,Partial,New,0,Pave,5,1352,AllPub,0,2006,2007,2007
1478,0,0,None,3,1Fam,TA,No,189,661,ALQ,Rec,1,0,TA,628,Y,Norm,Norm,SBrkr,0,TA,TA,BrkFace,BrkFace,None,Gd,2,CBlock,1,Typ,442,2,TA,RFn,TA,Attchd,1957,1478,1,GasA,Gd,1Story,1,TA,Lvl,Gtl,8400,Inside,70,Reg,0,20,RL,0,None,None,0,6,NAmes,0,3,6,Y,0,None,CompShg,Hip,Normal,WD,216,Pave,6,1478,AllPub,114,1957,1957,2009
720,0,0,None,2,1Fam,None,None,0,0,None,None,0,0,None,0,N,Feedr,Norm,SBrkr,0,TA,TA,VinylSd,VinylSd,None,None,0,CBlock,1,Typ,287,1,Fa,Unf,TA,Detchd,1955,720,0,Floor,TA,1Story,1,TA,Lvl,Gtl,6627,Corner,81.40638796,IR1,0,20,RL,0,None,None,0,7,BrkSide,0,6,3,Y,0,None,CompShg,Hip,Normal,WD,0,Pave,4,0,AllPub,0,1949,1950,2008
816,0,0,None,3,1Fam,TA,No,641,0,ALQ,Unf,0,1,TA,175,Y,Norm,Norm,SBrkr,0,Gd,Gd,VinylSd,VinylSd,MnPrv,Ex,1,CBlock,1,Typ,264,1,TA,Unf,TA,Attchd,1982,816,0,GasA,Ex,1Story,1,Gd,Lvl,Gtl,6600,Inside,60,Reg,0,20,RL,0,None,None,0,10,Mitchel,0,9,5,Y,0,None,CompShg,Gable,Normal,WD,0,Pave,5,816,AllPub,0,1982,2008,2008
955,677,0,None,3,1Fam,None,None,0,0,None,None,0,0,None,935,Y,Norm,Norm,SBrkr,0,TA,TA,VinylSd,VinylSd,None,TA,1,PConc,2,Typ,462,2,TA,Fin,TA,Attchd,1998,1632,1,GasA,Gd,2Story,1,TA,Lvl,Gtl,9084,Inside,63,IR1,0,60,RL,0,None,None,0,6,Gilbert,28,5,7,Y,0,None,CompShg,Hip,Normal,WD,0,Pave,8,935,AllPub,0,1998,1998,2006
1284,885,0,None,3,1Fam,None,None,0,0,None,None,0,0,None,1284,Y,Norm,Norm,SBrkr,0,TA,Gd,VinylSd,VinylSd,None,Gd,1,PConc,2,Typ,647,2,TA,RFn,TA,Attchd,2002,2169,1,GasA,Ex,2Story,1,Gd,Lvl,Gtl,9375,Inside,96.82458366,Reg,0,60,RL,149,BrkFace,None,0,8,CollgCr,87,5,8,Y,0,None,CompShg,Gable,Normal,WD,0,Pave,7,1284,AllPub,192,2002,2002,2007
1338,1296,0,None,6,Duplex,TA,No,500,0,LwQ,Unf,1,1,TA,748,Y,Artery,Norm,SBrkr,0,TA,TA,MetalSd,MetalSd,None,None,0,CBlock,2,Typ,968,4,TA,Unf,TA,Detchd,1969,2634,2,GasA,TA,2Story,2,TA,Lvl,Gtl,11643,Inside,91,Reg,0,90,RL,368,BrkFace,None,0,8,NAmes,0,5,5,Y,0,None,CompShg,Gable,Normal,WD,0,Pave,12,1248,AllPub,0,1969,1969,2009
858,858,0,None,4,1Fam,TA,No,319,0,Rec,Unf,0,0,TA,539,Y,Norm,Norm,SBrkr,0,TA,TA,HdBoard,HdBoard,None,Gd,1,CBlock,1,Typ,490,2,TA,Fin,TA,Attchd,1962,1716,1,GasA,Ex,2Story,1,TA,Lvl,Gtl,9247,Inside,70,IR1,0,60,RL,318,BrkFace,None,0,3,NAmes,84,6,6,Y,0,None,CompShg,Gable,Normal,WD,120,Pave,8,858,AllPub,0,1962,1962,2008
2053,1185,0,None,4,1Fam,TA,Av,816,0,GLQ,Unf,1,0,Gd,1217,Y,Norm,Norm,SBrkr,0,TA,Gd,VinylSd,VinylSd,None,Ex,1,PConc,2,Typ,666,3,TA,Fin,TA,Attchd,1996,3238,1,GasA,Ex,1.5Fin,1,Gd,Lvl,Gtl,14720,CulDSac,56,IR1,0,50,RL,579,BrkFace,None,0,3,NoRidge,86,5,8,Y,0,None,CompShg,Hip,Normal,WD,0,Pave,9,2033,AllPub,283,1995,1996,2010
992,873,0,None,3,1Fam,TA,No,735,0,GLQ,Unf,1,0,Gd,257,Y,Norm,Norm,SBrkr,0,TA,Gd,VinylSd,VinylSd,None,TA,1,PConc,2,Typ,839,3,TA,RFn,TA,Attchd,2000,1865,1,GasA,Ex,2Story,1,Gd,Lvl,Gtl,10316,Inside,101.5677114,IR1,0,60,RL,0,None,None,0,6,CollgCr,184,5,7,Y,0,None,CompShg,Gable,Normal,WD,0,Pave,7,992,AllPub,0,2000,2000,2008
892,0,0,None,3,1Fam,TA,No,340,0,Rec,Unf,0,0,TA,524,Y,Norm,Norm,SBrkr,0,TA,TA,HdBoard,HdBoard,GdWo,None,0,CBlock,1,Typ,264,1,TA,RFn,TA,Attchd,1966,892,0,GasA,TA,1Story,1,TA,Lvl,Gtl,9477,Corner,97.34988444,Reg,0,20,RL,65,BrkFace,None,0,10,NAmes,0,5,5,Y,0,None,CompShg,Gable,Normal,WD,0,Pave,5,864,AllPub,0,1966,1966,2008
1078,0,0,None,3,1Fam,TA,No,734,0,GLQ,Unf,1,0,TA,344,Y,Norm,Norm,SBrkr,0,TA,TA,VinylSd,VinylSd,None,Fa,1,CBlock,1,Typ,500,2,TA,Fin,TA,Attchd,1971,1078,1,GasA,Ex,1Story,1,TA,Lvl,Gtl,12537,CulDSac,59.91111111,IR1,0,20,RL,0,None,None,0,4,NAmes,0,6,5,Y,0,None,CompShg,Gable,Normal,WD,0,Pave,6,1078,AllPub,0,1971,2008,2010
882,908,0,None,3,1Fam,TA,No,633,0,GLQ,Unf,1,0,Gd,240,Y,Norm,Norm,SBrkr,0,TA,Gd,VinylSd,VinylSd,None,None,0,PConc,2,Typ,588,2,TA,RFn,TA,Attchd,1999,1790,1,GasA,Ex,2Story,1,Gd,Lvl,Gtl,9179,Inside,68,IR1,0,60,RL,158,BrkFace,None,0,6,CollgCr,88,5,7,Y,0,None,CompShg,Gable,Abnorml,WD,0,Pave,7,873,AllPub,0,1999,1999,2008
925,550,0,None,4,TwnhsE,TA,No,548,173,ALQ,Rec,0,0,TA,36,Y,Norm,Norm,SBrkr,0,TA,TA,CemntBd,CmentBd,None,TA,1,PConc,2,Typ,336,1,TA,RFn,TA,Attchd,1977,1475,0,GasA,Ex,2Story,1,TA,Lvl,Gtl,2665,Inside,41,Reg,0,160,RM,0,None,None,0,7,MeadowV,26,6,5,Y,0,None,CompShg,Gable,Normal,WD,0,Pave,6,757,AllPub,104,1977,1977,2006
848,0,0,None,1,TwnhsE,TA,Av,685,0,GLQ,Unf,1,0,Gd,163,Y,Norm,Norm,SBrkr,0,TA,Gd,VinylSd,VinylSd,None,None,0,PConc,1,Typ,420,2,TA,Fin,TA,Attchd,2003,848,0,GasA,Ex,1Story,1,Gd,Lvl,Gtl,4435,Inside,66.59579566,Reg,0,120,RM,170,BrkFace,None,0,6,CollgCr,0,5,6,Y,0,None,CompShg,Gable,Normal,WD,0,Pave,4,848,AllPub,140,2003,2004,2009
1661,0,0,None,3,1Fam,TA,Av,831,0,BLQ,Unf,1,0,TA,161,Y,Norm,Norm,SBrkr,0,TA,TA,AsbShng,AsbShng,MnPrv,TA,1,CBlock,1,Typ,377,1,TA,RFn,TA,BuiltIn,1955,1661,0,GasA,Gd,SLvl,1,Gd,Lvl,Gtl,9600,Inside,80,Reg,0,80,RL,0,None,None,0,10,NAmes,28,6,6,Y,0,None,CompShg,Hip,Normal,WD,178,Pave,8,992,AllPub,0,1955,1996,2008
1108,989,0,None,3,1Fam,TA,Av,975,0,GLQ,Unf,1,0,Gd,133,Y,Norm,Norm,SBrkr,0,TA,TA,VinylSd,VinylSd,None,TA,1,PConc,2,Typ,583,2,TA,RFn,TA,Detchd,1998,2097,1,GasA,Ex,2Story,1,Gd,Lvl,Gtl,9750,Corner,75,Reg,0,60,RL,0,None,None,0,6,CollgCr,170,6,7,Y,0,None,CompShg,Gable,Normal,WD,0,Pave,8,1108,AllPub,253,1998,1998,2006
754,640,0,None,3,1Fam,None,None,0,0,None,None,0,0,None,384,Y,Norm,Norm,SBrkr,0,TA,TA,VinylSd,VinylSd,None,None,0,PConc,2,Typ,400,2,TA,Fin,TA,BuiltIn,2007,1394,1,GasA,Gd,SLvl,1,Gd,Lvl,Gtl,9735,Inside,73,Reg,0,80,RL,0,None,None,0,5,Timber,0,5,5,Y,0,None,CompShg,Gable,Normal,WD,0,Pave,7,384,AllPub,100,2006,2007,2008
864,0,0,Grvl,2,1Fam,Fa,No,203,0,Rec,Unf,1,0,TA,661,N,Norm,Norm,FuseF,96,Fa,TA,Stucco,Stucco,None,None,0,BrkTil,1,Typ,200,1,Fa,Unf,TA,Detchd,1938,864,0,GasA,TA,1Story,1,TA,Lvl,Gtl,8212,Inside,45,Reg,0,30,RL,0,None,None,0,6,Edwards,0,3,3,Y,0,None,CompShg,Gable,Normal,WD,0,Pave,5,864,AllPub,0,1914,1950,2010
698,560,0,None,2,1Fam,TA,Mn,204,0,Rec,Unf,0,0,TA,356,Y,Norm,Norm,SBrkr,0,TA,TA,WdShing,Wd Shng,MnPrv,None,0,BrkTil,1,Typ,280,1,TA,Unf,TA,Detchd,1939,1258,0,GasA,TA,1.5Fin,1,TA,Lvl,Gtl,9060,Inside,60,Reg,0,50,RL,0,None,None,0,10,Edwards,0,5,6,P,0,None,CompShg,Gable,Normal,WD,0,Pave,6,560,AllPub,0,1939,1950,2009
796,358,0,None,3,1Fam,TA,No,735,0,BLQ,Unf,1,0,TA,61,Y,Norm,Norm,SBrkr,0,Gd,TA,VinylSd,VinylSd,MnPrv,None,0,BrkTil,1,Typ,240,1,TA,Unf,TA,Detchd,1922,1154,0,GasA,Gd,1.5Fin,1,Gd,Lvl,Gtl,5436,Inside,40,Reg,0,50,RM,0,None,None,0,5,IDOTRR,96,8,4,N,0,None,CompShg,Gable,Normal,WD,0,Pave,7,796,AllPub,0,1922,2007,2010
1392,1392,0,None,5,1Fam,TA,No,790,469,BLQ,LwQ,1,0,Gd,133,Y,RRAn,Norm,SBrkr,0,TA,TA,Plywood,Plywood,MnPrv,TA,2,CBlock,3,Typ,564,2,TA,RFn,TA,Attchd,1978,2784,1,GasA,TA,2Story,1,Gd,Lvl,Gtl,16692,Inside,80,IR1,0,60,RL,184,BrkFace,TenC,2000,7,NWAmes,112,5,7,Y,519,Fa,CompShg,Gable,Normal,WD,440,Pave,12,1392,AllPub,0,1978,1978,2006
1525,0,0,None,3,1Fam,TA,Av,1400,0,GLQ,Unf,1,0,Gd,125,Y,Norm,Norm,SBrkr,0,TA,Gd,VinylSd,VinylSd,None,None,0,PConc,2,Typ,541,2,TA,RFn,TA,Attchd,2000,1525,0,GasA,Ex,1Story,1,Gd,Lvl,Gtl,9100,Inside,70,Reg,0,20,RL,244,BrkFace,None,0,9,CollgCr,36,5,7,Y,0,None,CompShg,Gable,Normal,WD,0,Pave,6,1525,AllPub,219,2000,2000,2006
1584,0,0,None,4,Duplex,None,None,0,0,None,None,0,0,None,1584,Y,Norm,Norm,SBrkr,0,TA,TA,Plywood,Plywood,None,None,0,CBlock,2,Mod,792,3,TA,Unf,TA,Detchd,1967,1584,0,GasA,TA,1Story,2,TA,Lvl,Gtl,8944,Inside,65,Reg,0,90,RL,0,None,None,0,4,NAmes,152,5,5,Y,0,None,CompShg,Gable,Normal,WD,0,Pave,8,1584,AllPub,0,1967,1967,2009
900,0,0,None,3,1Fam,TA,Av,769,0,ALQ,Unf,1,0,TA,95,Y,Norm,Norm,SBrkr,0,TA,TA,HdBoard,HdBoard,MnWw,Po,1,CBlock,1,Typ,288,1,TA,RFn,TA,Attchd,1967,900,0,GasA,TA,SFoyer,1,TA,Lvl,Gtl,7838,Inside,68,Reg,0,85,RL,0,None,None,0,12,NAmes,144,5,5,Y,0,None,CompShg,Gable,Normal,WD,0,Pave,6,864,AllPub,175,1967,1967,2006
1687,0,0,None,3,1Fam,TA,Av,353,334,BLQ,Rec,1,0,TA,60,Y,Norm,Norm,SBrkr,50,TA,TA,Wd Sdng,Wd Sdng,None,TA,2,CBlock,1,Min1,572,2,TA,Unf,TA,Detchd,1966,1687,0,GasA,TA,1Story,1,TA,Bnk,Sev,57200,Inside,239.1652149,IR1,0,20,RL,0,None,None,0,6,Timber,0,5,5,N,0,None,CompShg,Gable,Normal,WD,0,Pave,7,747,AllPub,0,1948,1950,2010
1160,448,0,None,3,1Fam,TA,No,264,0,BLQ,Unf,0,0,TA,712,Y,Norm,Norm,SBrkr,0,TA,TA,WdShing,Wd Shng,MnPrv,Gd,1,BrkTil,2,Typ,216,1,TA,Unf,Fa,Detchd,1925,1608,1,GasA,Ex,1.5Fin,1,Gd,Lvl,Gtl,6171,Inside,51,Reg,0,50,RL,0,None,None,0,10,SWISU,16,6,6,Y,0,None,CompShg,Gable,Normal,WD,0,Pave,7,976,AllPub,147,1925,1990,2009
864,729,0,None,3,1Fam,TA,No,759,0,GLQ,Unf,1,0,TA,80,Y,Norm,Norm,SBrkr,0,TA,TA,VinylSd,VinylSd,None,TA,1,PConc,2,Typ,398,2,TA,Fin,TA,Attchd,2004,1593,1,GasA,Ex,2Story,1,TA,Lvl,Gtl,7415,Inside,62,IR1,0,60,RL,0,None,None,0,4,Gilbert,75,5,6,Y,0,None,CompShg,Gable,Normal,WD,0,Pave,8,839,AllPub,100,2004,2004,2008
1112,556,0,None,3,1Fam,TA,No,120,0,BLQ,Unf,0,0,TA,736,Y,Norm,Norm,SBrkr,0,Gd,TA,VinylSd,VinylSd,MnPrv,None,0,CBlock,1,Min2,271,1,TA,Unf,TA,Attchd,1950,1668,1,GasA,Ex,1.5Fin,1,TA,Lvl,Gtl,9600,Inside,80,Reg,0,50,RL,0,None,None,0,9,NAmes,0,8,6,Y,0,None,CompShg,Gable,Normal,WD,0,Pave,6,856,AllPub,0,1950,2005,2009
1040,0,0,None,2,Duplex,None,None,0,0,None,None,0,0,None,0,N,Norm,Norm,FuseF,0,TA,TA,BrkFace,Stone,None,None,0,Slab,2,Typ,420,2,TA,Unf,TA,Detchd,1956,1040,0,Wall,Fa,1Story,2,TA,Lvl,Gtl,7200,Inside,60,Reg,0,90,RL,0,None,None,0,6,NAmes,0,5,4,Y,0,None,CompShg,Gable,Normal,WD,0,Pave,6,0,AllPub,0,1949,1950,2009
1246,1044,0,None,4,2fmCon,None,None,0,0,None,None,0,0,None,777,Y,Norm,Norm,SBrkr,114,TA,TA,VinylSd,AsbShng,None,None,0,PConc,2,Typ,560,2,TA,Unf,TA,Detchd,1971,2290,0,GasA,Gd,2Story,2,TA,Lvl,Gtl,11340,Inside,60,Reg,0,190,RM,0,None,None,0,4,OldTown,0,6,4,N,0,None,CompShg,Gable,Normal,WD,0,Pave,11,777,AllPub,0,1885,1950,2010
848,0,0,None,1,TwnhsE,TA,Av,686,0,GLQ,Unf,1,0,Gd,162,Y,Norm,Norm,SBrkr,0,TA,Gd,VinylSd,VinylSd,None,None,0,PConc,1,Typ,420,2,TA,Fin,TA,Attchd,2003,848,0,GasA,Ex,1Story,1,Gd,Lvl,Gtl,4435,Inside,37,Reg,0,120,RM,170,BrkFace,None,0,3,CollgCr,0,5,6,Y,0,None,CompShg,Gable,Normal,WD,0,Pave,3,848,AllPub,140,2003,2003,2008
1440,0,0,None,3,1Fam,TA,No,678,0,BLQ,Unf,0,0,Gd,762,Y,Norm,Norm,SBrkr,99,Gd,Gd,MetalSd,MetalSd,None,TA,1,CBlock,2,Typ,467,2,TA,Fin,TA,Attchd,1981,1440,0,GasA,Ex,1Story,1,Gd,Lvl,Gtl,12546,Corner,112.0089282,IR1,0,20,RL,310,BrkFace,None,0,4,NWAmes,0,7,6,Y,0,None,CompShg,Gable,Normal,WD,0,Pave,7,1440,AllPub,0,1981,1981,2007
1423,748,0,None,3,1Fam,None,None,0,0,None,None,0,0,None,588,Y,Norm,Norm,SBrkr,0,TA,TA,MetalSd,MetalSd,None,Gd,1,BrkTil,2,Min1,672,2,TA,Fin,TA,Detchd,1993,2555,0,GasA,Fa,2.5Fin,1,TA,Bnk,Mod,11526,Inside,79,IR1,384,70,RL,0,None,None,0,9,Crawfor,0,7,6,Y,0,None,CompShg,Gable,Normal,WD,0,Pave,11,588,AllPub,431,1922,1994,2008
952,0,0,None,2,1Fam,None,None,0,0,None,None,0,0,None,952,N,Norm,Norm,FuseF,0,TA,TA,Wd Sdng,Wd Sdng,None,Gd,1,BrkTil,1,Typ,192,1,Po,Unf,Fa,Detchd,1916,952,0,Grav,Fa,1.5Unf,1,Fa,Lvl,Gtl,8854,Inside,94.09569597,Reg,0,30,RL,0,None,None,0,5,BrkSide,98,6,6,P,0,None,CompShg,Gable,Normal,WD,40,Pave,4,952,AllPub,0,1916,1950,2009
1078,0,0,None,2,1Fam,TA,Mn,49,1029,GLQ,Rec,1,0,TA,0,Y,Norm,Norm,FuseA,112,TA,TA,MetalSd,MetalSd,None,None,0,CBlock,1,Typ,240,1,TA,Unf,TA,Attchd,1950,1078,0,GasA,Gd,1Story,1,Gd,Lvl,Gtl,9717,Inside,68,Reg,0,20,RL,0,None,None,0,4,NAmes,0,6,5,Y,0,None,CompShg,Hip,Normal,WD,0,Pave,5,1078,AllPub,366,1950,1996,2010
1256,0,0,None,3,1Fam,TA,No,830,290,BLQ,LwQ,1,0,TA,136,Y,Norm,Norm,SBrkr,0,TA,Gd,HdBoard,HdBoard,None,None,0,CBlock,1,Typ,276,1,TA,Fin,TA,Attchd,1965,1256,1,GasA,Gd,1Story,1,TA,Lvl,Gtl,9937,Inside,75,Reg,0,20,RL,0,None,None,0,6,Edwards,68,6,5,Y,0,None,CompShg,Gable,Normal,WD,0,Pave,6,1256,AllPub,736,1965,1965,2008
